id,firstname,lastname,email,profession,country,city
1,Clary,Gilmour,Clary.Gilmour@yopmail.com,doctor,"Micronesia, Federated States of",Kobe
2,Sean,Saunderson,Sean.Saunderson@yopmail.com,developer,Ethiopia,Rotterdam
3,Leontine,Wenoa,Leontine.Wenoa@yopmail.com,worker,Comoros,Roseau
4,Anthia,Dash,Anthia.Dash@yopmail.com,developer,Slovenia,Batticaloa
5,Barbara,Ulphia,Barbara.Ulphia@yopmail.com,worker,British Indian Ocean Territory,Perth
6,Elka,Suanne,Elka.Suanne@yopmail.com,developer,Finland,Nouakchott
7,Raina,Loeb,Raina.Loeb@yopmail.com,worker,Sierra Leone,Davao City
8,Robbi,Yuille,Robbi.Yuille@yopmail.com,doctor,"Taiwan, Province of China",Kathmandu
9,Sonni,Ophelia,Sonni.Ophelia@yopmail.com,doctor,Mongolia,Koror
10,Charissa,Pitt,Charissa.Pitt@yopmail.com,firefighter,Bulgaria,Valencia
11,Barbara,Maples,Barbara.Maples@yopmail.com,developer,Bouvet Island,Labasa
12,Di,Erminia,Di.Erminia@yopmail.com,developer,Lebanon,Taichung
13,Romona,Muriel,Romona.Muriel@yopmail.com,developer,Georgia,Kobe
14,Juliane,Ramona,Juliane.Ramona@yopmail.com,worker,Mexico,Chennai
15,Jsandye,Marlie,Jsandye.Marlie@yopmail.com,doctor,Malta,Lahore
16,Calla,Christal,Calla.Christal@yopmail.com,doctor,Tokelau,Douglas
17,Quintina,Kat,Quintina.Kat@yopmail.com,police officer,Guinea-Bissau,Warsaw
18,Celisse,Newell,Celisse.Newell@yopmail.com,police officer,Bouvet Island,Fortaleza
19,Liana,Kauppi,Liana.Kauppi@yopmail.com,developer,American Samoa,Addis Ababa
20,Rhea,Sundin,Rhea.Sundin@yopmail.com,developer,Indonesia,Nanning
21,Annice,Wilona,Annice.Wilona@yopmail.com,doctor,Saint Lucia,Port Moresby
22,Flory,Tannie,Flory.Tannie@yopmail.com,developer,Oman,Sacramento
23,Fanchon,Erlandson,Fanchon.Erlandson@yopmail.com,developer,Guyana,George Town
24,Karlee,Bach,Karlee.Bach@yopmail.com,developer,Yemen,Valletta
25,Iseabal,Jena,Iseabal.Jena@yopmail.com,police officer,Falkland Islands (Malvinas),Bogotá
26,Emilia,Durante,Emilia.Durante@yopmail.com,police officer,Heard Island and Mcdonald Islands,Zanzibar City
27,Bernardine,Ortrude,Bernardine.Ortrude@yopmail.com,firefighter,Reunion,Port Moresby
28,Jacenta,Thad,Jacenta.Thad@yopmail.com,doctor,Saudi Arabia,Medan
29,Dania,Schwejda,Dania.Schwejda@yopmail.com,doctor,Botswana,Asunción
30,Hollie,Vins,Hollie.Vins@yopmail.com,developer,Uganda,La Paz
31,Lynea,Skell,Lynea.Skell@yopmail.com,developer,Hong Kong,Oklahoma City
32,Emmey,Brodench,Emmey.Brodench@yopmail.com,worker,Mali,Ndola
33,Brianna,Dearborn,Brianna.Dearborn@yopmail.com,worker,Seychelles,Jinan
34,Leona,Geffner,Leona.Geffner@yopmail.com,worker,Togo,Bern
35,Gui,Bethany,Gui.Bethany@yopmail.com,worker,Yemen,Saint John
36,Demetris,Haymes,Demetris.Haymes@yopmail.com,police officer,San Marino,Perth
37,Halette,Girardo,Halette.Girardo@yopmail.com,firefighter,Algeria,Zanzibar City
38,Vivia,Tremayne,Vivia.Tremayne@yopmail.com,firefighter,Saudi Arabia,Cusco
39,Damaris,McGrody,Damaris.McGrody@yopmail.com,worker,South Georgia and the South Sandwich Islands,Vatican City
40,Carree,Lymann,Carree.Lymann@yopmail.com,police officer,Kiribati,Vladivostok
41,Dione,Swigart,Dione.Swigart@yopmail.com,worker,Dominica,Havana
42,Amelia,Garlinda,Amelia.Garlinda@yopmail.com,worker,Svalbard and Jan Mayen,Tórshavn
43,Ardenia,Millda,Ardenia.Millda@yopmail.com,firefighter,"Lao People""S Democratic Republic",Ho Chi Minh City
44,Zia,Alexandr,Zia.Alexandr@yopmail.com,doctor,Bahrain,Labasa
45,Dennie,Dreda,Dennie.Dreda@yopmail.com,worker,Gambia,Hiroshima
46,Jany,Lowry,Jany.Lowry@yopmail.com,worker,Iceland,Palma
47,Kirstin,Ax,Kirstin.Ax@yopmail.com,police officer,South Georgia and the South Sandwich Islands,Udon Thani
48,Amii,Seessel,Amii.Seessel@yopmail.com,firefighter,Cameroon,Khartoum
49,Jorry,Regan,Jorry.Regan@yopmail.com,doctor,Gabon,Chongqing
50,Carmencita,Noman,Carmencita.Noman@yopmail.com,police officer,Belize,Graz
51,Blake,Erskine,Blake.Erskine@yopmail.com,doctor,Norfolk Island,Vaduz
52,Alia,Faria,Alia.Faria@yopmail.com,police officer,Ethiopia,Bishkek
53,Dotty,Verger,Dotty.Verger@yopmail.com,developer,Madagascar,Dakar
54,Rosene,Barrus,Rosene.Barrus@yopmail.com,developer,Togo,Norilsk
55,Ricky,Secrest,Ricky.Secrest@yopmail.com,developer,Mozambique,Kinshasa
56,Shirlee,Wu,Shirlee.Wu@yopmail.com,police officer,Saudi Arabia,Lucknow
57,Stacey,Sophronia,Stacey.Sophronia@yopmail.com,police officer,Oman,Odessa
58,Queenie,Jacqui,Queenie.Jacqui@yopmail.com,doctor,Chad,Jinan
59,Daphne,Bebe,Daphne.Bebe@yopmail.com,firefighter,Nepal,Algiers
60,Nananne,Ranjiv,Nananne.Ranjiv@yopmail.com,doctor,New Caledonia,Brikama
61,Harrietta,Daniele,Harrietta.Daniele@yopmail.com,doctor,Hungary,Hanover
62,Harmonia,Cristi,Harmonia.Cristi@yopmail.com,police officer,Hong Kong,Road Town
63,Genevra,Lareena,Genevra.Lareena@yopmail.com,developer,Nauru,Nukuʻalofa
64,Norine,Gordon,Norine.Gordon@yopmail.com,developer,"Iran, Islamic Republic Of",Tijuana
65,Ebonee,Faro,Ebonee.Faro@yopmail.com,developer,Åland Islands,Arbil
66,Edyth,Sheedy,Edyth.Sheedy@yopmail.com,developer,Norway,Port Said
67,Bobinette,Wittie,Bobinette.Wittie@yopmail.com,doctor,Chad,Bucharest
68,Sonni,Kravits,Sonni.Kravits@yopmail.com,worker,Madagascar,Kingstown
69,Ana,Bahr,Ana.Bahr@yopmail.com,doctor,Equatorial Guinea,Tripoli
70,Dari,Dash,Dari.Dash@yopmail.com,police officer,Turkmenistan,Honiara
71,Penelopa,Adalbert,Penelopa.Adalbert@yopmail.com,firefighter,Samoa,Antananarivo
72,Gabriellia,Lubin,Gabriellia.Lubin@yopmail.com,developer,Mexico,Luxor
73,Wendi,Franza,Wendi.Franza@yopmail.com,developer,Brunei Darussalam,Dunedin
74,Annecorinne,Noman,Annecorinne.Noman@yopmail.com,developer,Chile,Tabriz
75,Leontine,Isacco,Leontine.Isacco@yopmail.com,firefighter,Tonga,Geelong
76,Jinny,Randene,Jinny.Randene@yopmail.com,firefighter,Sri Lanka,Pelotas
77,Zsa Zsa,Rillings,Zsa Zsa.Rillings@yopmail.com,firefighter,American Samoa,Ljubljana
78,Maridel,Jerold,Maridel.Jerold@yopmail.com,firefighter,Viet Nam,Marseille
79,Courtnay,Edvard,Courtnay.Edvard@yopmail.com,developer,"Cote D""Ivoire",Hamilton
80,Valli,Ax,Valli.Ax@yopmail.com,doctor,Seychelles,City of Halifax
81,Mady,Loleta,Mady.Loleta@yopmail.com,worker,Zambia,Luanda
82,Tatiania,Germann,Tatiania.Germann@yopmail.com,worker,Antigua and Barbuda,Ankara
83,Linet,Kaja,Linet.Kaja@yopmail.com,worker,Myanmar,Istanbul
84,Trixi,Lindemann,Trixi.Lindemann@yopmail.com,police officer,Palau,Miri
85,Roberta,Stilwell,Roberta.Stilwell@yopmail.com,firefighter,Barbados,Chiang Mai
86,Dianemarie,Rosemary,Dianemarie.Rosemary@yopmail.com,doctor,Cape Verde,Adak
87,Kelly,Japeth,Kelly.Japeth@yopmail.com,doctor,Cyprus,Cannes
88,Elbertina,Kravits,Elbertina.Kravits@yopmail.com,firefighter,Cameroon,Bucharest
89,Joy,Tice,Joy.Tice@yopmail.com,police officer,Belgium,Malang
90,Dawn,Winthorpe,Dawn.Winthorpe@yopmail.com,developer,Senegal,Asunción
91,Estell,Adore,Estell.Adore@yopmail.com,firefighter,Hungary,City of San Marino
92,Pearline,Aida,Pearline.Aida@yopmail.com,developer,Holy See (Vatican City State),Enugu
93,Ronna,Douglass,Ronna.Douglass@yopmail.com,doctor,Sierra Leone,İzmir
94,Angelique,Mott,Angelique.Mott@yopmail.com,police officer,Tokelau,Pontianak
95,Alisha,Natalia,Alisha.Natalia@yopmail.com,worker,"Korea, Democratic People""S Republic of",Zapopan
96,Myrtice,Lytton,Myrtice.Lytton@yopmail.com,worker,Bhutan,Auckland
97,Valeda,Tyson,Valeda.Tyson@yopmail.com,worker,Malaysia,Greenwich
98,Doro,Cimbura,Doro.Cimbura@yopmail.com,firefighter,Sweden,Campinas
99,Wendi,Behre,Wendi.Behre@yopmail.com,police officer,"Cote D""Ivoire",Cardiff
100,Concettina,Xerxes,Concettina.Xerxes@yopmail.com,firefighter,Congo,Pittsburgh
101,Kimmy,Rugen,Kimmy.Rugen@yopmail.com,police officer,"Taiwan, Province of China",Zhengzhou
102,Roslyn,Rosemary,Roslyn.Rosemary@yopmail.com,police officer,Papua New Guinea,Kuala Lumpur
103,Carilyn,Callista,Carilyn.Callista@yopmail.com,developer,India,Gold Coast
104,Gaylene,Valoniah,Gaylene.Valoniah@yopmail.com,doctor,Bahamas,Sydney
105,Charissa,Pascia,Charissa.Pascia@yopmail.com,worker,French Southern Territories,Podgorica
106,Bernie,Buttaro,Bernie.Buttaro@yopmail.com,firefighter,Palau,Rabi Island
107,Jeanna,Vittoria,Jeanna.Vittoria@yopmail.com,developer,Norway,Chaguanas
108,Tani,Clywd,Tani.Clywd@yopmail.com,firefighter,Armenia,Johannesburg
109,Celene,Nisbet,Celene.Nisbet@yopmail.com,developer,Bulgaria,Albuquerque
110,Sheree,Donoghue,Sheree.Donoghue@yopmail.com,police officer,Puerto Rico,Chaguanas
111,Molli,Michella,Molli.Michella@yopmail.com,firefighter,"Macedonia, The Former Yugoslav Republic of",Bogotá
112,Tomasina,Evangelia,Tomasina.Evangelia@yopmail.com,doctor,Timor-Leste,Banda Aceh
113,Millie,Janene,Millie.Janene@yopmail.com,doctor,Nauru,Basra
114,Alie,Longfellow,Alie.Longfellow@yopmail.com,developer,Ghana,Patna
115,Elmira,Colbert,Elmira.Colbert@yopmail.com,police officer,Mexico,Auckland
116,Konstance,Garek,Konstance.Garek@yopmail.com,firefighter,Christmas Island,Portland
117,Donnie,Honoria,Donnie.Honoria@yopmail.com,doctor,Japan,Washington
118,Jenda,Niles,Jenda.Niles@yopmail.com,police officer,Kuwait,Cincinnati
119,Jessamyn,Garlinda,Jessamyn.Garlinda@yopmail.com,developer,Guinea-Bissau,Amritsar
120,Emilia,Fennessy,Emilia.Fennessy@yopmail.com,firefighter,Armenia,Saskatoon
121,Quintina,Kelula,Quintina.Kelula@yopmail.com,developer,Cuba,La Serena
122,Rubie,Yerkovich,Rubie.Yerkovich@yopmail.com,worker,Bangladesh,Greenwich
123,Ashlee,Wittie,Ashlee.Wittie@yopmail.com,police officer,Mozambique,Tampere
124,Kenna,Douglass,Kenna.Douglass@yopmail.com,worker,Kenya,Horta (Azores)
125,Mamie,Curren,Mamie.Curren@yopmail.com,police officer,Fiji,Abidjan
126,Kathi,Vernier,Kathi.Vernier@yopmail.com,doctor,Algeria,Cannes
127,Halette,Constancy,Halette.Constancy@yopmail.com,firefighter,Saint Pierre and Miquelon,Phuket (city)
128,Tracey,Linehan,Tracey.Linehan@yopmail.com,firefighter,Aruba,Mashhad
129,Elka,Linskey,Elka.Linskey@yopmail.com,police officer,Wallis and Futuna,Yamoussoukro
130,Tierney,Stacy,Tierney.Stacy@yopmail.com,doctor,Heard Island and Mcdonald Islands,Buenos Aires
131,Donetta,O'Rourke,Donetta.O'Rourke@yopmail.com,worker,Niue,Stuttgart
132,Calla,Mott,Calla.Mott@yopmail.com,firefighter,Cape Verde,Asunción
133,Wileen,Vins,Wileen.Vins@yopmail.com,worker,Åland Islands,Milwaukee
134,Reeba,Longfellow,Reeba.Longfellow@yopmail.com,worker,Syrian Arab Republic,Abu Dhabi
135,Brana,Nisbet,Brana.Nisbet@yopmail.com,police officer,Brazil,Dublin
136,Silvana,Quinn,Silvana.Quinn@yopmail.com,firefighter,Iraq,Padang
137,Angela,Fitzsimmons,Angela.Fitzsimmons@yopmail.com,developer,Dominica,Ibadan
138,Margarette,Velick,Margarette.Velick@yopmail.com,firefighter,Bahrain,Shanghai
139,Lelah,Standing,Lelah.Standing@yopmail.com,developer,United States Minor Outlying Islands,Vancouver
140,Janenna,Odell,Janenna.Odell@yopmail.com,police officer,Benin,Gangtok
141,Darlleen,Gunn,Darlleen.Gunn@yopmail.com,police officer,Djibouti,Skopje
142,Mady,Mich,Mady.Mich@yopmail.com,police officer,Ukraine,Multan
143,Lily,Thema,Lily.Thema@yopmail.com,worker,Saint Kitts and Nevis,Düsseldorf
144,Pamella,Greyson,Pamella.Greyson@yopmail.com,worker,Reunion,Pontianak
145,Edyth,Teryn,Edyth.Teryn@yopmail.com,worker,Guam,Xi'an
146,Di,Beebe,Di.Beebe@yopmail.com,firefighter,Haiti,Kunming
147,Adore,Sacken,Adore.Sacken@yopmail.com,developer,French Guiana,Paramaribo
148,Christal,Vernier,Christal.Vernier@yopmail.com,firefighter,Mongolia,Alor Star
149,Christian,Vittoria,Christian.Vittoria@yopmail.com,firefighter,Guam,Newcastle
150,Olwen,Rooney,Olwen.Rooney@yopmail.com,doctor,Czech Republic,Singapore
151,Linet,O'Carroll,Linet.O'Carroll@yopmail.com,developer,Cook Islands,Nuuk
152,Dagmar,Harned,Dagmar.Harned@yopmail.com,firefighter,Maldives,Dresden
153,Cordi,Katrine,Cordi.Katrine@yopmail.com,police officer,Hong Kong,San Juan
154,Frieda,Grosz,Frieda.Grosz@yopmail.com,firefighter,Bhutan,Antofagasta
155,Deirdre,Amethist,Deirdre.Amethist@yopmail.com,firefighter,Timor-Leste,Fredericton
156,Carly,Burch,Carly.Burch@yopmail.com,firefighter,Panama,Papeete
157,Kaia,Norvol,Kaia.Norvol@yopmail.com,police officer,Mauritius,Los Angeles
158,Cecile,Engdahl,Cecile.Engdahl@yopmail.com,police officer,Somalia,Almaty
159,Catharine,Bashemeth,Catharine.Bashemeth@yopmail.com,developer,Papua New Guinea,Chihuahua
160,Karolina,Hortensia,Karolina.Hortensia@yopmail.com,doctor,Tajikistan,Port Elizabeth
161,Dari,Knowling,Dari.Knowling@yopmail.com,worker,British Indian Ocean Territory,St. John's
162,Bertine,Klemperer,Bertine.Klemperer@yopmail.com,worker,Kuwait,Marrakech
163,Caressa,Charity,Caressa.Charity@yopmail.com,developer,Tonga,Lilongwe
164,Belva,Justinn,Belva.Justinn@yopmail.com,doctor,Nicaragua,Bujumbura
165,Marjie,Mott,Marjie.Mott@yopmail.com,police officer,Northern Mariana Islands,Recife
166,Harrietta,Goerke,Harrietta.Goerke@yopmail.com,worker,Botswana,Denver
167,Wendi,Autrey,Wendi.Autrey@yopmail.com,developer,New Zealand,Adak
168,Henriette,Maribeth,Henriette.Maribeth@yopmail.com,developer,New Caledonia,Bridgetown
169,Desirae,Nedrud,Desirae.Nedrud@yopmail.com,doctor,Slovenia,Yerevan
170,Moyna,Jillane,Moyna.Jillane@yopmail.com,police officer,Gambia,Asmara
171,Chrystel,Dermott,Chrystel.Dermott@yopmail.com,firefighter,Anguilla,Pretoria
172,Dulcinea,Johnsson,Dulcinea.Johnsson@yopmail.com,worker,Equatorial Guinea,Brisbane
173,Paola,Mich,Paola.Mich@yopmail.com,worker,Saudi Arabia,Saint-Pierre
174,Fayre,Ashok,Fayre.Ashok@yopmail.com,developer,Somalia,Christchurch
175,Sallie,Marlie,Sallie.Marlie@yopmail.com,doctor,Myanmar,Labasa
176,Kristina,Connelly,Kristina.Connelly@yopmail.com,doctor,Saudi Arabia,Siem Reap
177,Phedra,Henrie,Phedra.Henrie@yopmail.com,worker,Mayotte,Bahía Blanca
178,Blake,Maroney,Blake.Maroney@yopmail.com,developer,Czech Republic,Jakarta
179,Ericka,Caitlin,Ericka.Caitlin@yopmail.com,developer,Guyana,Cincinnati
180,Elora,Hessler,Elora.Hessler@yopmail.com,doctor,"Cote D""Ivoire",Seoul
181,Dacia,Vorster,Dacia.Vorster@yopmail.com,worker,"Taiwan, Province of China",Tallinn
182,Lelah,Posner,Lelah.Posner@yopmail.com,police officer,"Macedonia, The Former Yugoslav Republic of",El Aaiún
183,Renae,Pierette,Renae.Pierette@yopmail.com,worker,Brazil,Dibrugarh
184,Miquela,Mata,Miquela.Mata@yopmail.com,police officer,Kenya,George Town
185,Sibella,Cavan,Sibella.Cavan@yopmail.com,doctor,Romania,Muscat
186,Selma,Ashok,Selma.Ashok@yopmail.com,doctor,Jamaica,Gaziantep
187,Karlee,Strephon,Karlee.Strephon@yopmail.com,developer,Trinidad and Tobago,Jersey City
188,Dagmar,Edison,Dagmar.Edison@yopmail.com,police officer,Belgium,Colombo
189,Robbi,Sigfrid,Robbi.Sigfrid@yopmail.com,firefighter,Hong Kong,Panama City
190,Corina,Felizio,Corina.Felizio@yopmail.com,worker,Ireland,Lilongwe
191,Dania,Krystle,Dania.Krystle@yopmail.com,police officer,Aruba,Kano
192,Christal,Kare,Christal.Kare@yopmail.com,police officer,Italy,Shenyang
193,Phedra,Carey,Phedra.Carey@yopmail.com,doctor,Colombia,Lubumbashi
194,Selia,Elisha,Selia.Elisha@yopmail.com,developer,Liechtenstein,Zürich
195,Vivia,Felecia,Vivia.Felecia@yopmail.com,firefighter,Liechtenstein,Reykjavík
196,Adelle,Darbie,Adelle.Darbie@yopmail.com,developer,Tokelau,Thimphu
197,Cassandra,Tatianas,Cassandra.Tatianas@yopmail.com,developer,Algeria,Lilongwe
198,Siana,Noman,Siana.Noman@yopmail.com,developer,Cayman Islands,Pristina
199,Philis,Eldrid,Philis.Eldrid@yopmail.com,firefighter,Serbia and Montenegro,Hamilton
200,Sam,Lory,Sam.Lory@yopmail.com,developer,United Kingdom,Manila
201,Betta,Carolin,Betta.Carolin@yopmail.com,police officer,Papua New Guinea,Guadalajara
202,Cyndie,Orlene,Cyndie.Orlene@yopmail.com,worker,Chad,Petropavlovsk-Kamchatsky
203,Hollie,Bahr,Hollie.Bahr@yopmail.com,firefighter,Isle of Man,Barranquilla
204,Dode,Prober,Dode.Prober@yopmail.com,police officer,Denmark,Zhengzhou
205,Maryellen,Atcliffe,Maryellen.Atcliffe@yopmail.com,police officer,Bahrain,Bogor
206,Addia,Brieta,Addia.Brieta@yopmail.com,developer,Guinea,Ambon
207,Elyssa,Saree,Elyssa.Saree@yopmail.com,doctor,Bahrain,Almaty
208,Rozele,Heidt,Rozele.Heidt@yopmail.com,doctor,Kuwait,Amsterdam
209,Minne,Dannye,Minne.Dannye@yopmail.com,police officer,Costa Rica,Lahore
210,Adele,Sothena,Adele.Sothena@yopmail.com,developer,Togo,Pristina
211,Kayla,Penelopa,Kayla.Penelopa@yopmail.com,firefighter,Zambia,Durban
212,Courtnay,Leifeste,Courtnay.Leifeste@yopmail.com,firefighter,Northern Mariana Islands,Montevideo
213,Corry,Atcliffe,Corry.Atcliffe@yopmail.com,police officer,Uzbekistan,Road Town
214,Gianina,Even,Gianina.Even@yopmail.com,firefighter,"Tanzania, United Republic of",Arbil
215,Bobinette,Dimitris,Bobinette.Dimitris@yopmail.com,worker,Tunisia,Vilnius
216,Alisha,Bartlett,Alisha.Bartlett@yopmail.com,doctor,Uzbekistan,Santa Cruz de la Sierra
217,Carolina,Astra,Carolina.Astra@yopmail.com,police officer,Ghana,Riga
218,Lesly,Adalbert,Lesly.Adalbert@yopmail.com,firefighter,French Southern Territories,Kunming
219,Wendi,Ingra,Wendi.Ingra@yopmail.com,police officer,Thailand,Quito
220,Aili,Natica,Aili.Natica@yopmail.com,police officer,Djibouti,Aberdeen
221,Constance,Sasnett,Constance.Sasnett@yopmail.com,firefighter,Nicaragua,Lima
222,Dulcinea,Gemini,Dulcinea.Gemini@yopmail.com,developer,Chile,Thimphu
223,Constance,Hebner,Constance.Hebner@yopmail.com,developer,Sri Lanka,Yekaterinburg
224,Justinn,Marijo,Justinn.Marijo@yopmail.com,developer,Åland Islands,Malmö
225,Daphne,Chem,Daphne.Chem@yopmail.com,developer,Mauritius,Castries
226,Aurore,Bryna,Aurore.Bryna@yopmail.com,firefighter,Sweden,Vancouver
227,Fanny,Karna,Fanny.Karna@yopmail.com,worker,Bosnia and Herzegovina,Santo Domingo
228,Hyacinthe,Gower,Hyacinthe.Gower@yopmail.com,developer,"Congo, The Democratic Republic of the",Thiès
229,Beth,Hull,Beth.Hull@yopmail.com,doctor,French Southern Territories,Porto-Novo
230,Livvyy,O'Neill,Livvyy.O'Neill@yopmail.com,developer,French Polynesia,Omdurman
231,Basia,Byrne,Basia.Byrne@yopmail.com,firefighter,"Iran, Islamic Republic Of",Denver
232,Eve,Fosque,Eve.Fosque@yopmail.com,firefighter,Bermuda,Johor Bahru
233,Kylynn,Wildermuth,Kylynn.Wildermuth@yopmail.com,developer,Grenada,Jaipur
234,Abbie,Maryanne,Abbie.Maryanne@yopmail.com,firefighter,Burundi,Praia
235,Shirlee,Skell,Shirlee.Skell@yopmail.com,police officer,United Kingdom,Agartala
236,Peri,Poppy,Peri.Poppy@yopmail.com,firefighter,French Polynesia,Raleigh
237,Antonietta,Jaylene,Antonietta.Jaylene@yopmail.com,firefighter,Sweden,Cartagena
238,Courtnay,Firmin,Courtnay.Firmin@yopmail.com,worker,Saint Lucia,Montreal
239,Kerrin,Berl,Kerrin.Berl@yopmail.com,firefighter,Wallis and Futuna,Ponta Delgada
240,Hildegaard,Bearnard,Hildegaard.Bearnard@yopmail.com,developer,Sao Tome and Principe,Mogadishu
241,Lynnea,Nicoline,Lynnea.Nicoline@yopmail.com,police officer,New Zealand,Porto Velho
242,Demetris,Philoo,Demetris.Philoo@yopmail.com,doctor,Portugal,Suez
243,Ermengarde,Fillbert,Ermengarde.Fillbert@yopmail.com,firefighter,Lebanon,Belfast
244,Orsola,Pond,Orsola.Pond@yopmail.com,firefighter,Argentina,Rabat
245,Alyda,Cleavland,Alyda.Cleavland@yopmail.com,firefighter,Timor-Leste,Ibadan
246,Jaclyn,Bashemeth,Jaclyn.Bashemeth@yopmail.com,police officer,Lithuania,Ibadan
247,Ebonee,Estella,Ebonee.Estella@yopmail.com,doctor,Equatorial Guinea,Bangui
248,Clarice,Cloris,Clarice.Cloris@yopmail.com,worker,"Palestinian Territory, Occupied",El Paso
249,Lory,Wandie,Lory.Wandie@yopmail.com,developer,Saint Kitts and Nevis,Taiyuan
250,Louella,Beebe,Louella.Beebe@yopmail.com,police officer,Kuwait,Port Vila
251,Eve,Kiersten,Eve.Kiersten@yopmail.com,worker,Swaziland,Mashhad
252,Fidelia,Shelba,Fidelia.Shelba@yopmail.com,firefighter,French Guiana,Bujumbura
253,Maye,Socha,Maye.Socha@yopmail.com,firefighter,American Samoa,Bratislava
254,Libbie,Tristram,Libbie.Tristram@yopmail.com,worker,Argentina,Sri Jayawardenapura-Kotte
255,Elise,Norrie,Elise.Norrie@yopmail.com,developer,AndorrA,Veracruz
256,Danny,Meter,Danny.Meter@yopmail.com,police officer,Bolivia,Riverside
257,Elena,Behre,Elena.Behre@yopmail.com,firefighter,Guyana,Skopje
258,Viki,Middleton,Viki.Middleton@yopmail.com,police officer,Spain,Multan
259,Alameda,Peonir,Alameda.Peonir@yopmail.com,firefighter,Malaysia,Anchorage
260,Rayna,Lipson,Rayna.Lipson@yopmail.com,developer,Guam,Port-au-Prince
261,Ernesta,Goddard,Ernesta.Goddard@yopmail.com,firefighter,Niger,Tehran
262,Elfreda,Peonir,Elfreda.Peonir@yopmail.com,police officer,Holy See (Vatican City State),Hamilton
263,Fred,Xerxes,Fred.Xerxes@yopmail.com,doctor,Sweden,Livingstone
264,Clary,Stilwell,Clary.Stilwell@yopmail.com,developer,Iceland,Port Louis
265,Madeleine,Obed,Madeleine.Obed@yopmail.com,police officer,New Caledonia,Sapporo
266,Julieta,Tacye,Julieta.Tacye@yopmail.com,worker,Kyrgyzstan,Nanjing
267,Tobe,Grayce,Tobe.Grayce@yopmail.com,worker,Malaysia,Nashville
268,Nannie,Tamsky,Nannie.Tamsky@yopmail.com,firefighter,Uzbekistan,Milwaukee
269,Gusty,Dex,Gusty.Dex@yopmail.com,firefighter,Tuvalu,Columbus
270,Miquela,Juan,Miquela.Juan@yopmail.com,firefighter,Kyrgyzstan,Sacramento
271,Desirae,August,Desirae.August@yopmail.com,developer,Tunisia,San Carlos de Bariloche
272,Delilah,Franza,Delilah.Franza@yopmail.com,firefighter,Zambia,Shenyang
273,Demetris,Tristram,Demetris.Tristram@yopmail.com,police officer,"Virgin Islands, British",Tagbilaran
274,Myriam,Mathilde,Myriam.Mathilde@yopmail.com,doctor,Macao,Port Blair
275,Olivette,Rebecka,Olivette.Rebecka@yopmail.com,police officer,"Korea, Democratic People""S Republic of",Ankara
276,June,Nea,June.Nea@yopmail.com,worker,Bahrain,Magadan
277,Carmencita,Raul,Carmencita.Raul@yopmail.com,worker,Svalbard and Jan Mayen,Philadelphia
278,Kaja,Ashok,Kaja.Ashok@yopmail.com,worker,Albania,Dakar
279,Tersina,Fry,Tersina.Fry@yopmail.com,worker,New Caledonia,Detroit
280,Bee,Prouty,Bee.Prouty@yopmail.com,police officer,Nauru,Kraków
281,Rubie,Hunfredo,Rubie.Hunfredo@yopmail.com,developer,Martinique,Rockhampton
282,Selia,Sammons,Selia.Sammons@yopmail.com,developer,New Caledonia,Chongqing
283,Aimil,Isidore,Aimil.Isidore@yopmail.com,doctor,Bermuda,Pago Pago
284,Fina,Holtz,Fina.Holtz@yopmail.com,firefighter,Turkey,Hanga Roa
285,Noelle,Goddard,Noelle.Goddard@yopmail.com,doctor,Puerto Rico,Tampere
286,Patricia,Brackely,Patricia.Brackely@yopmail.com,doctor,Montserrat,Sydney
287,Queenie,Cosenza,Queenie.Cosenza@yopmail.com,police officer,South Georgia and the South Sandwich Islands,Baltimore
288,Jordan,Maiah,Jordan.Maiah@yopmail.com,police officer,"Tanzania, United Republic of",Ambon
289,Dolli,Liva,Dolli.Liva@yopmail.com,police officer,Cook Islands,Ambon
290,Lauryn,Chesna,Lauryn.Chesna@yopmail.com,police officer,Algeria,Phnom Penh
291,Zondra,Craggie,Zondra.Craggie@yopmail.com,doctor,Lithuania,Miri
292,Odessa,Terencio,Odessa.Terencio@yopmail.com,firefighter,"Macedonia, The Former Yugoslav Republic of",Vancouver
293,Rebeca,Yuille,Rebeca.Yuille@yopmail.com,firefighter,Chile,Montreal
294,Gavrielle,Goldina,Gavrielle.Goldina@yopmail.com,doctor,Cocos (Keeling) Islands,Medan
295,Ana,Georas,Ana.Georas@yopmail.com,firefighter,Viet Nam,Montevideo
296,Gwenneth,Evvie,Gwenneth.Evvie@yopmail.com,developer,Zambia,Papeete
297,Marika,Llovera,Marika.Llovera@yopmail.com,worker,Suriname,Birkirkara
298,Melisent,Papageno,Melisent.Papageno@yopmail.com,police officer,Denmark,Bulawayo
299,Kellen,Ehrman,Kellen.Ehrman@yopmail.com,firefighter,Western Sahara,Geelong
300,Sallie,Larochelle,Sallie.Larochelle@yopmail.com,police officer,Macao,Makassar
301,Emelina,Schenck,Emelina.Schenck@yopmail.com,firefighter,Mongolia,Reykjavík
302,Sue,Mich,Sue.Mich@yopmail.com,firefighter,Timor-Leste,Port Louis
303,Melanie,Thornburg,Melanie.Thornburg@yopmail.com,developer,Gibraltar,Nassau
304,Elka,Stover,Elka.Stover@yopmail.com,firefighter,Jersey,Bursa
305,Jsandye,Karl,Jsandye.Karl@yopmail.com,developer,Dominica,São José dos Campos
306,Teriann,Jefferey,Teriann.Jefferey@yopmail.com,developer,France,Phuket (city)
307,Alameda,Constancy,Alameda.Constancy@yopmail.com,developer,Philippines,Palma
308,Catrina,Federica,Catrina.Federica@yopmail.com,worker,Iceland,Zürich
309,Abbie,Laurianne,Abbie.Laurianne@yopmail.com,doctor,Turks and Caicos Islands,Bridgetown
310,Zaria,Toor,Zaria.Toor@yopmail.com,developer,Turkey,Belize City
311,Alexine,Dulciana,Alexine.Dulciana@yopmail.com,doctor,Togo,Luanda
312,Concettina,Leler,Concettina.Leler@yopmail.com,police officer,Marshall Islands,Yokohama
313,Willetta,Bibi,Willetta.Bibi@yopmail.com,firefighter,French Southern Territories,Liverpool
314,Abbie,Knowling,Abbie.Knowling@yopmail.com,police officer,French Polynesia,Tianjin
315,Dulce,Lymann,Dulce.Lymann@yopmail.com,firefighter,Equatorial Guinea,Toulouse
316,Ebonee,Olympium,Ebonee.Olympium@yopmail.com,firefighter,Hungary,Papeete
317,Britte,Romelda,Britte.Romelda@yopmail.com,doctor,Israel,Rockhampton
318,Queenie,Letsou,Queenie.Letsou@yopmail.com,doctor,Guinea-Bissau,Kaesong
319,Livvyy,Erb,Livvyy.Erb@yopmail.com,police officer,Croatia,Yaren District
320,Jorry,Anis,Jorry.Anis@yopmail.com,police officer,Zambia,Campo Grande
321,Elena,Skurnik,Elena.Skurnik@yopmail.com,firefighter,Botswana,Horta (Azores)
322,Corene,Dudley,Corene.Dudley@yopmail.com,police officer,Lesotho,Minneapolis
323,Fayre,Lubin,Fayre.Lubin@yopmail.com,police officer,Latvia,Kingstown
324,Kenna,Haerr,Kenna.Haerr@yopmail.com,police officer,"Micronesia, Federated States of",São Tomé
325,Tybie,Toni,Tybie.Toni@yopmail.com,worker,Uzbekistan,Kota Kinabalu
326,Orelia,Ralfston,Orelia.Ralfston@yopmail.com,worker,Peru,Wonsan
327,Rebeca,Alejoa,Rebeca.Alejoa@yopmail.com,developer,Afghanistan,Puerto Williams
328,Betta,Rodmann,Betta.Rodmann@yopmail.com,developer,Philippines,Cotonou
329,Cordi,Zitvaa,Cordi.Zitvaa@yopmail.com,worker,Bermuda,Honiara
330,Ann-Marie,Stanwood,Ann-Marie.Stanwood@yopmail.com,developer,Algeria,Ponta Delgada
331,Rhea,Kare,Rhea.Kare@yopmail.com,worker,Madagascar,Alexandria
332,Alia,Loeb,Alia.Loeb@yopmail.com,police officer,Slovakia,Guayaquil
333,Orelia,Leonard,Orelia.Leonard@yopmail.com,developer,Paraguay,Bloemfontein
334,Elbertina,Donoghue,Elbertina.Donoghue@yopmail.com,worker,India,Yakutsk
335,Feliza,Woodberry,Feliza.Woodberry@yopmail.com,worker,Jordan,Khartoum
336,Keelia,Brenn,Keelia.Brenn@yopmail.com,doctor,Guyana,Incheon
337,Corly,Tamsky,Corly.Tamsky@yopmail.com,developer,United States,Chişinău
338,Marita,Raama,Marita.Raama@yopmail.com,developer,United Kingdom,Zanzibar City
339,Chloris,Even,Chloris.Even@yopmail.com,worker,Seychelles,Asmara
340,Fidelia,Xerxes,Fidelia.Xerxes@yopmail.com,worker,"Lao People""S Democratic Republic",Daegu
341,Alisha,Adrienne,Alisha.Adrienne@yopmail.com,doctor,Guyana,Kraków
342,Rosanne,Weitman,Rosanne.Weitman@yopmail.com,police officer,Afghanistan,Alexandria
343,Flo,Meli,Flo.Meli@yopmail.com,doctor,British Indian Ocean Territory,Frankfurt
344,Fayre,Cadmar,Fayre.Cadmar@yopmail.com,firefighter,Viet Nam,Ndola
345,Mamie,Schlosser,Mamie.Schlosser@yopmail.com,firefighter,RWANDA,Antofagasta
346,Cordi,Neva,Cordi.Neva@yopmail.com,developer,Guam,Shenyang
347,Susette,Loleta,Susette.Loleta@yopmail.com,police officer,Guinea,Livingstone
348,Albertina,Weitman,Albertina.Weitman@yopmail.com,developer,Palau,Denver
349,Kimmy,Giule,Kimmy.Giule@yopmail.com,police officer,Myanmar,Kobe
350,Robbi,Pillsbury,Robbi.Pillsbury@yopmail.com,firefighter,Finland,Omdurman
351,Lorenza,Hutchison,Lorenza.Hutchison@yopmail.com,developer,Haiti,Macapá
352,Jinny,Delp,Jinny.Delp@yopmail.com,worker,Gambia,City of San Marino
353,Tierney,Rosette,Tierney.Rosette@yopmail.com,developer,Kyrgyzstan,Bangkok
354,Darlleen,Sparhawk,Darlleen.Sparhawk@yopmail.com,developer,Northern Mariana Islands,Kota Bharu
355,Kate,Burch,Kate.Burch@yopmail.com,firefighter,Sierra Leone,Yakutsk
356,Alejandra,Screens,Alejandra.Screens@yopmail.com,doctor,Netherlands Antilles,Kingston
357,Diena,Rosalba,Diena.Rosalba@yopmail.com,worker,France,Multan
358,Ardys,Rubie,Ardys.Rubie@yopmail.com,firefighter,Saudi Arabia,Mbabane
359,Peri,Zuzana,Peri.Zuzana@yopmail.com,police officer,Bouvet Island,Dunedin
360,Katleen,Olympium,Katleen.Olympium@yopmail.com,doctor,Seychelles,Ouagadougou
361,Lynnea,Shaddock,Lynnea.Shaddock@yopmail.com,developer,Slovenia,Labasa
362,Gretal,Radu,Gretal.Radu@yopmail.com,police officer,Wallis and Futuna,Kandahar
363,Rhea,Pip,Rhea.Pip@yopmail.com,doctor,Cayman Islands,Porto Velho
364,Catrina,Bendick,Catrina.Bendick@yopmail.com,developer,Vanuatu,Yakutsk
365,Lelah,Oscar,Lelah.Oscar@yopmail.com,worker,American Samoa,Vilnius
366,Shirlee,Nunci,Shirlee.Nunci@yopmail.com,police officer,Serbia and Montenegro,Atlanta
367,Karena,Ciapas,Karena.Ciapas@yopmail.com,doctor,Thailand,Port Hedland
368,Nananne,Ries,Nananne.Ries@yopmail.com,developer,Monaco,Kyoto
369,Clementine,Katrine,Clementine.Katrine@yopmail.com,police officer,Guernsey,Udon Thani
370,Fernande,Tillford,Fernande.Tillford@yopmail.com,police officer,Reunion,Chittagong
371,Morganica,Eachern,Morganica.Eachern@yopmail.com,police officer,Nepal,Baltimore
372,Riannon,Vernier,Riannon.Vernier@yopmail.com,worker,Uruguay,Denpasar
373,Eolanda,Orpah,Eolanda.Orpah@yopmail.com,developer,Bhutan,Iquitos
374,Margalo,Rolf,Margalo.Rolf@yopmail.com,developer,Bermuda,Lomé
375,Lisette,Konyn,Lisette.Konyn@yopmail.com,developer,Saint Pierre and Miquelon,Ankara
376,Roxane,Sigfrid,Roxane.Sigfrid@yopmail.com,doctor,Djibouti,Edinburgh
377,Cacilie,Skell,Cacilie.Skell@yopmail.com,developer,Jordan,Calama
378,Catrina,Howlyn,Catrina.Howlyn@yopmail.com,developer,China,Ljubljana
379,Rhoda,Wilona,Rhoda.Wilona@yopmail.com,worker,Greenland,Auckland
380,Millie,Isacco,Millie.Isacco@yopmail.com,police officer,Cyprus,Hargeisa
381,Cyndie,Gillan,Cyndie.Gillan@yopmail.com,police officer,China,Apia
382,Marita,Warthman,Marita.Warthman@yopmail.com,developer,Fiji,Road Town
383,Hollie,Ralfston,Hollie.Ralfston@yopmail.com,worker,Czech Republic,Da Nang
384,Madelle,Slifka,Madelle.Slifka@yopmail.com,doctor,Romania,Multan
385,Nanete,Middleton,Nanete.Middleton@yopmail.com,doctor,Italy,Winnipeg
386,Catharine,Heidt,Catharine.Heidt@yopmail.com,firefighter,Switzerland,Vienna
387,Mahalia,Ricki,Mahalia.Ricki@yopmail.com,developer,Christmas Island,Hanga Roa
388,Marika,Olin,Marika.Olin@yopmail.com,worker,Estonia,Nagoya
389,Nelle,Fancie,Nelle.Fancie@yopmail.com,firefighter,Indonesia,São José dos Campos
390,Rebeca,Brackely,Rebeca.Brackely@yopmail.com,developer,"Korea, Democratic People""S Republic of",Nantes
391,Amelia,Melan,Amelia.Melan@yopmail.com,firefighter,Maldives,Greenwich
392,Kenna,Genna,Kenna.Genna@yopmail.com,doctor,Mongolia,Stanley
393,Kaja,Brackely,Kaja.Brackely@yopmail.com,worker,Germany,Mexicali
394,Larine,Bates,Larine.Bates@yopmail.com,worker,British Indian Ocean Territory,Nicosia
395,Edee,Teddman,Edee.Teddman@yopmail.com,doctor,Tunisia,Ulan Bator
396,Farrah,Franza,Farrah.Franza@yopmail.com,police officer,Equatorial Guinea,Hai Phong
397,Joy,Muriel,Joy.Muriel@yopmail.com,police officer,Anguilla,Dalian
398,Di,Bettine,Di.Bettine@yopmail.com,firefighter,Cocos (Keeling) Islands,Port Louis
399,Nanete,Rossner,Nanete.Rossner@yopmail.com,police officer,Isle of Man,Wellington
400,Elie,Horan,Elie.Horan@yopmail.com,doctor,Italy,Los Angeles
401,Halette,Ruvolo,Halette.Ruvolo@yopmail.com,doctor,Eritrea,Dammam
402,Chandra,Gwenore,Chandra.Gwenore@yopmail.com,police officer,Bulgaria,Perth
403,Ardys,Elo,Ardys.Elo@yopmail.com,developer,Gibraltar,Concepción
404,Jolyn,Kristi,Jolyn.Kristi@yopmail.com,police officer,"Tanzania, United Republic of",Honiara
405,Peri,Gavrila,Peri.Gavrila@yopmail.com,worker,Fiji,Hobart
406,Georgetta,Alice,Georgetta.Alice@yopmail.com,doctor,Spain,Miri
407,Renae,Dyche,Renae.Dyche@yopmail.com,doctor,Martinique,Koulikoro
408,Zaria,Terrence,Zaria.Terrence@yopmail.com,firefighter,United States Minor Outlying Islands,Bangui
409,Mamie,Elbertina,Mamie.Elbertina@yopmail.com,developer,Cayman Islands,Samara
410,Annice,Lemuela,Annice.Lemuela@yopmail.com,police officer,Egypt,Banjul
411,Shauna,Swanhildas,Shauna.Swanhildas@yopmail.com,police officer,Sri Lanka,Birkirkara
412,Yetty,Trey,Yetty.Trey@yopmail.com,worker,Trinidad and Tobago,Valletta
413,Aaren,Ledah,Aaren.Ledah@yopmail.com,developer,Brunei Darussalam,Omsk
414,Mary,Jobi,Mary.Jobi@yopmail.com,doctor,Isle of Man,Anchorage
415,Romona,Kylander,Romona.Kylander@yopmail.com,developer,Saint Helena,Arbil
416,Dotty,Munn,Dotty.Munn@yopmail.com,worker,Philippines,Stanley
417,Amii,Trey,Amii.Trey@yopmail.com,doctor,Guernsey,Taiyuan
418,Kore,Jenness,Kore.Jenness@yopmail.com,developer,Cyprus,Yamoussoukro
419,Patricia,Rudolph,Patricia.Rudolph@yopmail.com,police officer,Lithuania,Townsville
420,Beatriz,Kussell,Beatriz.Kussell@yopmail.com,worker,Svalbard and Jan Mayen,Zürich
421,Louella,Kress,Louella.Kress@yopmail.com,worker,Wallis and Futuna,Campo Grande
422,Carree,Kendrick,Carree.Kendrick@yopmail.com,firefighter,Tajikistan,Dhaka
423,Nicoli,Morehouse,Nicoli.Morehouse@yopmail.com,doctor,Germany,Mbabane
424,Roseline,Dorine,Roseline.Dorine@yopmail.com,police officer,Venezuela,Basra
425,Riannon,Vale,Riannon.Vale@yopmail.com,worker,Swaziland,Tagbilaran
426,Kylynn,An,Kylynn.An@yopmail.com,doctor,Uzbekistan,Faisalabad
427,Mady,Flita,Mady.Flita@yopmail.com,police officer,"Cote D""Ivoire",Colombo
428,Shaine,Rona,Shaine.Rona@yopmail.com,doctor,Mozambique,Warsaw
429,Tierney,Birdella,Tierney.Birdella@yopmail.com,worker,Spain,Valparaíso
430,Sonni,Estella,Sonni.Estella@yopmail.com,doctor,Tajikistan,Calgary
431,Amalie,Baylor,Amalie.Baylor@yopmail.com,doctor,Austria,Quetzaltenango
432,Willetta,Lemuela,Willetta.Lemuela@yopmail.com,police officer,Mexico,Omsk
433,Margette,Oster,Margette.Oster@yopmail.com,police officer,Sao Tome and Principe,Hamilton
434,Gilligan,Kamaria,Gilligan.Kamaria@yopmail.com,worker,Maldives,Guatemala City
435,Addia,Gaynor,Addia.Gaynor@yopmail.com,developer,Maldives,Rome
436,Marguerite,Longfellow,Marguerite.Longfellow@yopmail.com,developer,Anguilla,Bloemfontein
437,Ofilia,Latini,Ofilia.Latini@yopmail.com,developer,Bolivia,Dededo
438,Lonnie,Docilla,Lonnie.Docilla@yopmail.com,worker,Saint Helena,Nukuʻalofa
439,Talya,Magdalen,Talya.Magdalen@yopmail.com,worker,Honduras,Nanjing
440,Janenna,Donoghue,Janenna.Donoghue@yopmail.com,police officer,Italy,St. Louis
441,Ronna,Danby,Ronna.Danby@yopmail.com,worker,Ethiopia,Phnom Penh
442,Winifred,Bettine,Winifred.Bettine@yopmail.com,worker,Bouvet Island,Dibrugarh
443,Jillayne,Faust,Jillayne.Faust@yopmail.com,firefighter,Jamaica,Port Said
444,Gerianna,Vorster,Gerianna.Vorster@yopmail.com,worker,Bangladesh,Chaguanas
445,Isa,Corilla,Isa.Corilla@yopmail.com,firefighter,Myanmar,Lima
446,Maridel,Manolo,Maridel.Manolo@yopmail.com,firefighter,Reunion,Freetown
447,Danika,Elbertina,Danika.Elbertina@yopmail.com,developer,Tuvalu,San Diego
448,Sheelagh,Schenck,Sheelagh.Schenck@yopmail.com,doctor,"Cote D""Ivoire",Antofagasta
449,Madeleine,Dosia,Madeleine.Dosia@yopmail.com,worker,Christmas Island,Chongqing
450,Anallese,Jess,Anallese.Jess@yopmail.com,police officer,Estonia,Palembang
451,Margarette,Catie,Margarette.Catie@yopmail.com,doctor,Bulgaria,Miami
452,Kial,Elvyn,Kial.Elvyn@yopmail.com,doctor,Nigeria,La Paz
453,Flory,Forrer,Flory.Forrer@yopmail.com,worker,"Moldova, Republic of",Graz
454,Lorne,Marden,Lorne.Marden@yopmail.com,firefighter,Saint Lucia,Port Hedland
455,Harmonia,Juan,Harmonia.Juan@yopmail.com,worker,Senegal,Pekanbaru
456,Kristina,Ricki,Kristina.Ricki@yopmail.com,firefighter,Brazil,Chongjin
457,Vere,Cecile,Vere.Cecile@yopmail.com,firefighter,Cook Islands,Harare
458,Donnie,Secrest,Donnie.Secrest@yopmail.com,worker,Western Sahara,Adak
459,Farrah,Wilkinson,Farrah.Wilkinson@yopmail.com,police officer,Cook Islands,Monterrey
460,Ellette,Japeth,Ellette.Japeth@yopmail.com,developer,French Southern Territories,Ludhiana
461,Helsa,Oscar,Helsa.Oscar@yopmail.com,police officer,Hungary,Mersin
462,Ida,Alexandr,Ida.Alexandr@yopmail.com,worker,Bouvet Island,Aarhus
463,Latisha,My,Latisha.My@yopmail.com,doctor,Lithuania,Dublin
464,Claudina,Tryck,Claudina.Tryck@yopmail.com,doctor,Burkina Faso,Hai Phong
465,Shannah,Dorothy,Shannah.Dorothy@yopmail.com,firefighter,Cape Verde,Patna
466,Caryl,Merell,Caryl.Merell@yopmail.com,firefighter,Netherlands,Lusaka
467,Harmonia,Lasley,Harmonia.Lasley@yopmail.com,worker,Bolivia,Chittagong
468,Karina,Standing,Karina.Standing@yopmail.com,worker,Canada,Greenwich
469,Ricky,Giff,Ricky.Giff@yopmail.com,developer,Syrian Arab Republic,Saint Petersburg
470,Jackie,Wesle,Jackie.Wesle@yopmail.com,firefighter,Honduras,Fortaleza
471,Cordi,Verger,Cordi.Verger@yopmail.com,doctor,Aruba,Asunción
472,Ardenia,Terencio,Ardenia.Terencio@yopmail.com,police officer,El Salvador,Pyongyang
473,Tierney,Gerge,Tierney.Gerge@yopmail.com,worker,Denmark,Kobe
474,Cristabel,Euridice,Cristabel.Euridice@yopmail.com,doctor,AndorrA,Marrakech
475,Nicoli,Carri,Nicoli.Carri@yopmail.com,worker,Monaco,Pristina
476,Gaylene,Martsen,Gaylene.Martsen@yopmail.com,doctor,China,Seville
477,Fernande,Mata,Fernande.Mata@yopmail.com,developer,Estonia,Oranjestad
478,Marguerite,Torray,Marguerite.Torray@yopmail.com,worker,Wallis and Futuna,Perm
479,Meghann,Anton,Meghann.Anton@yopmail.com,doctor,New Zealand,Los Angeles
480,Atlanta,Jammal,Atlanta.Jammal@yopmail.com,developer,British Indian Ocean Territory,Maracaibo
481,Vonny,Bergman,Vonny.Bergman@yopmail.com,worker,Brunei Darussalam,Weno
482,Viviene,Tillford,Viviene.Tillford@yopmail.com,worker,Svalbard and Jan Mayen,Tampa
483,Kamilah,Ellord,Kamilah.Ellord@yopmail.com,police officer,Ghana,Skopje
484,Olivette,Philoo,Olivette.Philoo@yopmail.com,developer,Czech Republic,Petropavlovsk-Kamchatsky
485,Augustine,Zola,Augustine.Zola@yopmail.com,worker,Turkmenistan,Minneapolis
486,Suzette,Kussell,Suzette.Kussell@yopmail.com,firefighter,Libyan Arab Jamahiriya,Macapá
487,Gerianna,Ellerey,Gerianna.Ellerey@yopmail.com,police officer,Niger,Ipoh
488,Mahalia,Hashim,Mahalia.Hashim@yopmail.com,developer,Christmas Island,Asmara
489,Josephine,Munn,Josephine.Munn@yopmail.com,worker,Gambia,Odessa
490,Agathe,Wenoa,Agathe.Wenoa@yopmail.com,doctor,Guatemala,Santo Domingo
491,Siana,Goth,Siana.Goth@yopmail.com,worker,Syrian Arab Republic,Tirana
492,Miquela,Anestassia,Miquela.Anestassia@yopmail.com,developer,Albania,Sapporo
493,Petronia,Socha,Petronia.Socha@yopmail.com,worker,Belize,Vaduz
494,Stacey,Thad,Stacey.Thad@yopmail.com,developer,Wallis and Futuna,Cardiff
495,Glenda,Guthrie,Glenda.Guthrie@yopmail.com,police officer,Falkland Islands (Malvinas),New Orleans
496,Codie,Wind,Codie.Wind@yopmail.com,police officer,British Indian Ocean Territory,Ilhéus
497,Corina,Riordan,Corina.Riordan@yopmail.com,worker,Dominican Republic,Quebec City
498,Harrietta,Xerxes,Harrietta.Xerxes@yopmail.com,firefighter,Tuvalu,Cusco
499,Karlee,Rubie,Karlee.Rubie@yopmail.com,firefighter,Brazil,Stockholm
500,Dorothy,Norrie,Dorothy.Norrie@yopmail.com,worker,Aruba,Ho Chi Minh City
501,Gwyneth,Bord,Gwyneth.Bord@yopmail.com,firefighter,Tuvalu,Helsinki
502,Fayre,Rustice,Fayre.Rustice@yopmail.com,firefighter,Denmark,Faisalabad
503,Pierette,Fancie,Pierette.Fancie@yopmail.com,developer,Libyan Arab Jamahiriya,Medan
504,Thalia,Schenck,Thalia.Schenck@yopmail.com,doctor,French Polynesia,Charlottetown
505,Melanie,Tristram,Melanie.Tristram@yopmail.com,worker,Reunion,Tiraspol
506,Ursulina,Esmaria,Ursulina.Esmaria@yopmail.com,worker,Turks and Caicos Islands,Santa Cruz de la Sierra
507,Perry,Deny,Perry.Deny@yopmail.com,worker,Luxembourg,Nouakchott
508,Imojean,Shanley,Imojean.Shanley@yopmail.com,worker,"Iran, Islamic Republic Of",Detroit
509,Rayna,Rillings,Rayna.Rillings@yopmail.com,doctor,Costa Rica,Kyoto
510,Lauryn,Woodberry,Lauryn.Woodberry@yopmail.com,firefighter,Cambodia,Dibrugarh
511,Thalia,Lewes,Thalia.Lewes@yopmail.com,firefighter,French Southern Territories,Auckland
512,Maud,Latini,Maud.Latini@yopmail.com,firefighter,El Salvador,Paramaribo
513,Zsa Zsa,Sidonius,Zsa Zsa.Sidonius@yopmail.com,worker,Chad,Porto Velho
514,Candy,Smitt,Candy.Smitt@yopmail.com,doctor,Luxembourg,Bilbao
515,Nataline,Cosenza,Nataline.Cosenza@yopmail.com,doctor,Bahrain,Castries
516,Dede,Marsden,Dede.Marsden@yopmail.com,developer,Fiji,Chittagong
517,Benita,Cristi,Benita.Cristi@yopmail.com,worker,Uruguay,Enugu
518,Paulita,Dimitris,Paulita.Dimitris@yopmail.com,worker,"Tanzania, United Republic of",Detroit
519,Viki,Solitta,Viki.Solitta@yopmail.com,firefighter,Morocco,Turin
520,Suzette,Lareena,Suzette.Lareena@yopmail.com,worker,Finland,Buffalo
521,Babita,Amadas,Babita.Amadas@yopmail.com,worker,Bhutan,Maputo
522,Misha,Payson,Misha.Payson@yopmail.com,police officer,Comoros,Almaty
523,Carilyn,Zuzana,Carilyn.Zuzana@yopmail.com,firefighter,Bolivia,Lagos
524,Miquela,Moina,Miquela.Moina@yopmail.com,doctor,Sri Lanka,Horta (Azores)
525,Mady,Read,Mady.Read@yopmail.com,doctor,Norway,Kraków
526,Veda,Pelagias,Veda.Pelagias@yopmail.com,firefighter,Antarctica,Jersey City
527,Cathie,Hashim,Cathie.Hashim@yopmail.com,police officer,Aruba,Cape Town
528,Joy,Sandye,Joy.Sandye@yopmail.com,worker,Greenland,San Fernando
529,Penelopa,Abram,Penelopa.Abram@yopmail.com,police officer,Georgia,Shigatse
530,Carmencita,Kussell,Carmencita.Kussell@yopmail.com,police officer,Solomon Islands,Sitka
531,Abbie,Sinegold,Abbie.Sinegold@yopmail.com,firefighter,Kazakhstan,Tallinn
532,Tomasina,Alcott,Tomasina.Alcott@yopmail.com,worker,Solomon Islands,Miami
533,Damaris,Tippets,Damaris.Tippets@yopmail.com,developer,Angola,Santa Cruz de la Sierra
534,Zsa Zsa,MacIntosh,Zsa Zsa.MacIntosh@yopmail.com,firefighter,Saint Pierre and Miquelon,Amritsar
535,Emilia,Kaete,Emilia.Kaete@yopmail.com,firefighter,Latvia,Forked River
536,Isa,Ricki,Isa.Ricki@yopmail.com,doctor,Romania,Sana'a
537,Diena,Alarise,Diena.Alarise@yopmail.com,worker,AndorrA,Jeddah
538,Carolina,Etom,Carolina.Etom@yopmail.com,firefighter,South Georgia and the South Sandwich Islands,Sri Jayawardenapura-Kotte
539,Basia,Dorcy,Basia.Dorcy@yopmail.com,firefighter,Kyrgyzstan,Damascus
540,Adore,Daveta,Adore.Daveta@yopmail.com,worker,Latvia,Honiara
541,Celisse,Nahum,Celisse.Nahum@yopmail.com,doctor,Uzbekistan,Malé
542,June,Urias,June.Urias@yopmail.com,worker,Cyprus,Dublin
543,Rebeca,Phi,Rebeca.Phi@yopmail.com,developer,Holy See (Vatican City State),Lisbon
544,Beverley,Barbey,Beverley.Barbey@yopmail.com,developer,Algeria,Forked River
545,Jenilee,Janith,Jenilee.Janith@yopmail.com,developer,Israel,Nagpur
546,Cathie,Nisbet,Cathie.Nisbet@yopmail.com,firefighter,South Georgia and the South Sandwich Islands,Ibiza
547,Aimil,Mandler,Aimil.Mandler@yopmail.com,doctor,Guinea-Bissau,Daegu
548,Paule,Garrison,Paule.Garrison@yopmail.com,worker,Tajikistan,Dalian
549,Nyssa,Madelene,Nyssa.Madelene@yopmail.com,firefighter,Kuwait,Guangzhou
550,Ronna,Hertzfeld,Ronna.Hertzfeld@yopmail.com,firefighter,Uzbekistan,Tripoli
551,Sidoney,Teddman,Sidoney.Teddman@yopmail.com,police officer,Libyan Arab Jamahiriya,Palma
552,Celestyna,Braun,Celestyna.Braun@yopmail.com,developer,Monaco,Nice
553,Althea,Ax,Althea.Ax@yopmail.com,police officer,Cayman Islands,Gaziantep
554,Lucy,Sabella,Lucy.Sabella@yopmail.com,firefighter,New Zealand,Malacca Town
555,Ginnie,Avi,Ginnie.Avi@yopmail.com,doctor,Guinea,Dili
556,Amii,Israeli,Amii.Israeli@yopmail.com,developer,India,Ibadan
557,Linet,Prouty,Linet.Prouty@yopmail.com,doctor,Tokelau,Regina
558,Ekaterina,Casimir,Ekaterina.Casimir@yopmail.com,worker,Turkey,New Delhi
559,Di,Carmena,Di.Carmena@yopmail.com,developer,Jordan,Hat Yai
560,Farrah,Shaddock,Farrah.Shaddock@yopmail.com,worker,Slovenia,Palma
561,Gabi,Hieronymus,Gabi.Hieronymus@yopmail.com,developer,Namibia,Kaesong
562,Janenna,Carbo,Janenna.Carbo@yopmail.com,worker,Suriname,Barranquilla
563,Binny,Harl,Binny.Harl@yopmail.com,worker,Viet Nam,Jayapura
564,Delilah,Dahlia,Delilah.Dahlia@yopmail.com,worker,New Zealand,Lisbon
565,Ardenia,Billye,Ardenia.Billye@yopmail.com,developer,Guinea-Bissau,Almaty
566,Dale,Couture,Dale.Couture@yopmail.com,police officer,Eritrea,Faisalabad
567,Dione,Kosey,Dione.Kosey@yopmail.com,doctor,Belgium,Malmö
568,Mureil,Hoban,Mureil.Hoban@yopmail.com,developer,Puerto Rico,Sacramento
569,Sheelagh,Darian,Sheelagh.Darian@yopmail.com,developer,Martinique,Port of Spain
570,Cindelyn,Arquit,Cindelyn.Arquit@yopmail.com,police officer,Christmas Island,Montevideo
571,Ada,Selway,Ada.Selway@yopmail.com,police officer,Burkina Faso,Denver
572,Debee,Lubin,Debee.Lubin@yopmail.com,doctor,Congo,Mersin
573,Sharlene,Erlandson,Sharlene.Erlandson@yopmail.com,developer,American Samoa,Chuí
574,Jaclyn,Sancho,Jaclyn.Sancho@yopmail.com,police officer,Spain,Kaohsiung
575,Chandra,Lia,Chandra.Lia@yopmail.com,doctor,Latvia,Conakry
576,Helena,Philoo,Helena.Philoo@yopmail.com,doctor,Guam,Incheon
577,Patricia,Wattenberg,Patricia.Wattenberg@yopmail.com,worker,Finland,Moscow
578,Barbara,Rodmann,Barbara.Rodmann@yopmail.com,police officer,Bangladesh,Alor Star
579,Gaylene,Imelida,Gaylene.Imelida@yopmail.com,firefighter,Italy,Rockhampton
580,Melisent,Marijo,Melisent.Marijo@yopmail.com,doctor,Belize,Serekunda
581,Basia,Roche,Basia.Roche@yopmail.com,worker,Pakistan,Rockhampton
582,Meghann,Alrich,Meghann.Alrich@yopmail.com,doctor,"Palestinian Territory, Occupied",Amman
583,Corina,Natica,Corina.Natica@yopmail.com,firefighter,Montserrat,Shigatse
584,Olivette,Sophronia,Olivette.Sophronia@yopmail.com,worker,Tuvalu,Yekaterinburg
585,Alameda,Gaspard,Alameda.Gaspard@yopmail.com,worker,Pakistan,Riga
586,Oona,Pozzy,Oona.Pozzy@yopmail.com,firefighter,Fiji,Bucharest
587,Alyda,Kirstin,Alyda.Kirstin@yopmail.com,police officer,"Virgin Islands, British",Osaka
588,Raf,Shuler,Raf.Shuler@yopmail.com,developer,Estonia,Jaipur
589,Jaime,Land,Jaime.Land@yopmail.com,worker,Tunisia,Road Town
590,Heddie,Zetta,Heddie.Zetta@yopmail.com,firefighter,United States,Recife
591,Netty,Kauppi,Netty.Kauppi@yopmail.com,firefighter,Tunisia,Dalian
592,Betta,Geffner,Betta.Geffner@yopmail.com,firefighter,Netherlands,Sri Jayawardenapura-Kotte
593,Ermengarde,Dielu,Ermengarde.Dielu@yopmail.com,developer,United Arab Emirates,Yogyakarta (city)
594,Chloris,Toni,Chloris.Toni@yopmail.com,developer,Niue,Ponta Delgada
595,Hayley,Colp,Hayley.Colp@yopmail.com,worker,AndorrA,Makati City
596,Chandra,Niccolo,Chandra.Niccolo@yopmail.com,police officer,Iraq,Monaco
597,Fernande,Colyer,Fernande.Colyer@yopmail.com,firefighter,Bhutan,Ludhiana
598,Iseabal,Pyle,Iseabal.Pyle@yopmail.com,firefighter,Samoa,Puerto Williams
599,Fidelia,Klemperer,Fidelia.Klemperer@yopmail.com,firefighter,Holy See (Vatican City State),Aberdeen
600,Daryl,Jagir,Daryl.Jagir@yopmail.com,doctor,Namibia,Alor Star
601,Mireielle,Dom,Mireielle.Dom@yopmail.com,doctor,Lebanon,Wichita
602,Sam,Vittoria,Sam.Vittoria@yopmail.com,police officer,New Caledonia,Vancouver
603,Thalia,Pascia,Thalia.Pascia@yopmail.com,worker,Monaco,Bloemfontein
604,Sabina,Annice,Sabina.Annice@yopmail.com,police officer,Cayman Islands,Belize City
605,Valera,Monk,Valera.Monk@yopmail.com,worker,Saudi Arabia,Dodoma
606,Trudie,Cath,Trudie.Cath@yopmail.com,developer,United Arab Emirates,Jerusalem
607,Vere,Cavan,Vere.Cavan@yopmail.com,developer,Antarctica,Bogotá
608,Kalina,Kevon,Kalina.Kevon@yopmail.com,firefighter,Honduras,Nice
609,Tilly,Lilybelle,Tilly.Lilybelle@yopmail.com,worker,Sao Tome and Principe,Singapore
610,Allis,Grobe,Allis.Grobe@yopmail.com,worker,Peru,Birmingham
611,Inga,Ader,Inga.Ader@yopmail.com,police officer,Ecuador,Milwaukee
612,Lusa,Konyn,Lusa.Konyn@yopmail.com,police officer,Gibraltar,Ushuaia
613,Flory,Niccolo,Flory.Niccolo@yopmail.com,police officer,British Indian Ocean Territory,Algiers
614,Chickie,Faria,Chickie.Faria@yopmail.com,police officer,Comoros,Toulouse
615,Cherrita,Marcellus,Cherrita.Marcellus@yopmail.com,firefighter,Guyana,Santa Cruz de la Sierra
616,Blondelle,Shields,Blondelle.Shields@yopmail.com,developer,Bermuda,Mandurah
617,Ardys,Colbert,Ardys.Colbert@yopmail.com,police officer,"Virgin Islands, U.S.",Lomé
618,Pamella,Evvie,Pamella.Evvie@yopmail.com,developer,Paraguay,Lyon
619,Elena,Behre,Elena.Behre@yopmail.com,firefighter,"Korea, Democratic People""S Republic of",Cartagena
620,Oralee,Truc,Oralee.Truc@yopmail.com,firefighter,Martinique,Iquitos
621,Therine,Seagraves,Therine.Seagraves@yopmail.com,police officer,Saint Vincent and the Grenadines,Iqaluit
622,Nanete,Alcott,Nanete.Alcott@yopmail.com,doctor,"Tanzania, United Republic of",Maceió
623,Aubrie,Mendez,Aubrie.Mendez@yopmail.com,developer,Congo,Tamale
624,Asia,Merell,Asia.Merell@yopmail.com,worker,Kazakhstan,Gaborone
625,Margalo,Fabiola,Margalo.Fabiola@yopmail.com,police officer,Georgia,El Aaiún
626,Therine,Middleton,Therine.Middleton@yopmail.com,police officer,Mozambique,Birkirkara
627,Asia,Lanita,Asia.Lanita@yopmail.com,worker,Israel,Stuttgart
628,Dianemarie,Erich,Dianemarie.Erich@yopmail.com,firefighter,Netherlands Antilles,Yekaterinburg
629,Alexine,Lasley,Alexine.Lasley@yopmail.com,police officer,Brazil,Santo Domingo
630,Sabina,Hourigan,Sabina.Hourigan@yopmail.com,worker,Algeria,Leeds
631,Renae,Wenda,Renae.Wenda@yopmail.com,police officer,Martinique,Gdańsk
632,Cathie,Sperling,Cathie.Sperling@yopmail.com,police officer,Nicaragua,Riverside
633,Margalo,Carvey,Margalo.Carvey@yopmail.com,doctor,Kazakhstan,N'Djamena
634,Sheree,Anis,Sheree.Anis@yopmail.com,developer,Heard Island and Mcdonald Islands,Dodoma
635,Hyacinthe,Shirberg,Hyacinthe.Shirberg@yopmail.com,firefighter,Gambia,Majuro
636,Korrie,Charmine,Korrie.Charmine@yopmail.com,firefighter,Jamaica,Port-au-Prince
637,Stacey,Gillan,Stacey.Gillan@yopmail.com,firefighter,Zimbabwe,Townsville
638,Tori,Judye,Tori.Judye@yopmail.com,firefighter,Macao,Seville
639,Glynnis,Urania,Glynnis.Urania@yopmail.com,firefighter,Ireland,Kyoto
640,Grier,Haerr,Grier.Haerr@yopmail.com,doctor,Poland,Philadelphia
641,Beth,Ruvolo,Beth.Ruvolo@yopmail.com,doctor,Marshall Islands,Nairobi
642,Zondra,Anton,Zondra.Anton@yopmail.com,developer,Azerbaijan,Bangui
643,Jere,Anis,Jere.Anis@yopmail.com,worker,Pitcairn,Córdoba
644,Fanchon,Birdella,Fanchon.Birdella@yopmail.com,worker,Falkland Islands (Malvinas),Gaza
645,Kimmy,Karylin,Kimmy.Karylin@yopmail.com,developer,Spain,Mogadishu
646,Aubrie,Sidonius,Aubrie.Sidonius@yopmail.com,firefighter,Mali,Basra
647,Ana,Bord,Ana.Bord@yopmail.com,doctor,Bulgaria,St. George's
648,Halette,Cecile,Halette.Cecile@yopmail.com,firefighter,Peru,Bangui
649,Sheelagh,Madaih,Sheelagh.Madaih@yopmail.com,developer,Falkland Islands (Malvinas),Cincinnati
650,Gratia,Eiser,Gratia.Eiser@yopmail.com,doctor,Guadeloupe,Tagbilaran
651,Odessa,Grimbly,Odessa.Grimbly@yopmail.com,worker,San Marino,Rio de Janeiro
652,Meriel,Ashely,Meriel.Ashely@yopmail.com,firefighter,Mauritania,Seville
653,Hyacinthe,Silvan,Hyacinthe.Silvan@yopmail.com,doctor,Swaziland,Bloemfontein
654,Edee,Cassius,Edee.Cassius@yopmail.com,firefighter,South Africa,Port Elizabeth
655,Andree,Amand,Andree.Amand@yopmail.com,doctor,Australia,Tel Aviv
656,Gilligan,Noam,Gilligan.Noam@yopmail.com,police officer,Greenland,Malmö
657,Corina,Johnsson,Corina.Johnsson@yopmail.com,doctor,Singapore,Malé
658,Elora,Therine,Elora.Therine@yopmail.com,doctor,Saint Kitts and Nevis,Fort-de-France
659,Gwenneth,Wu,Gwenneth.Wu@yopmail.com,firefighter,Trinidad and Tobago,Panama City
660,Jennica,Goth,Jennica.Goth@yopmail.com,doctor,Macao,Yangon
661,Lacie,Chesna,Lacie.Chesna@yopmail.com,worker,Estonia,Buenos Aires
662,Petronia,Jorgan,Petronia.Jorgan@yopmail.com,police officer,Guinea,Invercargill
663,Tybie,Saree,Tybie.Saree@yopmail.com,developer,Paraguay,Moroni
664,Trudie,Sidonius,Trudie.Sidonius@yopmail.com,doctor,Poland,Gothenburg
665,Clementine,Adalbert,Clementine.Adalbert@yopmail.com,worker,Switzerland,Apia
666,Glenda,Ulphia,Glenda.Ulphia@yopmail.com,police officer,Mayotte,London
667,Chloris,Diogenes,Chloris.Diogenes@yopmail.com,firefighter,Northern Mariana Islands,Paramaribo
668,Lorenza,Chrystel,Lorenza.Chrystel@yopmail.com,police officer,Zambia,Port Elizabeth
669,Goldie,Koziara,Goldie.Koziara@yopmail.com,worker,Bangladesh,Invercargill
670,Allis,Aprile,Allis.Aprile@yopmail.com,police officer,Guatemala,Porto Velho
671,Tressa,Chapland,Tressa.Chapland@yopmail.com,doctor,Argentina,Belize City
672,Katleen,Vins,Katleen.Vins@yopmail.com,developer,Tonga,Manila
673,Kathi,Yuille,Kathi.Yuille@yopmail.com,worker,Hungary,Greenwich
674,Lolita,Caitlin,Lolita.Caitlin@yopmail.com,firefighter,Somalia,Glasgow
675,Zia,Scammon,Zia.Scammon@yopmail.com,police officer,Liechtenstein,Chaguanas
676,Darlleen,McAdams,Darlleen.McAdams@yopmail.com,developer,Central African Republic,Naypyidaw
677,Corly,Valerio,Corly.Valerio@yopmail.com,firefighter,Martinique,Bratislava
678,Nessie,Avi,Nessie.Avi@yopmail.com,developer,Canada,Mashhad
679,Aurelie,Lowry,Aurelie.Lowry@yopmail.com,developer,Singapore,Lusaka
680,Carly,Lemuela,Carly.Lemuela@yopmail.com,doctor,Norfolk Island,San Fernando
681,Leanna,Beniamino,Leanna.Beniamino@yopmail.com,firefighter,Chad,Rome
682,Ninnetta,Demitria,Ninnetta.Demitria@yopmail.com,police officer,Italy,Nouakchott
683,Stevana,Drus,Stevana.Drus@yopmail.com,worker,Guinea-Bissau,Nagpur
684,Lisette,Maroney,Lisette.Maroney@yopmail.com,doctor,Monaco,Manchester
685,Ardys,Jalbert,Ardys.Jalbert@yopmail.com,police officer,Malta,Bloemfontein
686,Zondra,Smitt,Zondra.Smitt@yopmail.com,firefighter,Guadeloupe,Phoenix
687,Sara-Ann,Brandice,Sara-Ann.Brandice@yopmail.com,firefighter,Grenada,Nukus
688,Lanae,Eno,Lanae.Eno@yopmail.com,developer,Australia,Mérida
689,Gabi,Pettiford,Gabi.Pettiford@yopmail.com,police officer,Norfolk Island,Hong Kong
690,Vita,Cookie,Vita.Cookie@yopmail.com,firefighter,Bhutan,Pattaya
691,Viviene,Libna,Viviene.Libna@yopmail.com,police officer,French Southern Territories,Charlotte
692,Ileana,Fabiola,Ileana.Fabiola@yopmail.com,worker,Swaziland,Stockholm
693,Roseline,Natalia,Roseline.Natalia@yopmail.com,worker,Heard Island and Mcdonald Islands,Minneapolis
694,Paulita,Meli,Paulita.Meli@yopmail.com,firefighter,Croatia,Kandahar
695,Annaliese,Hertzfeld,Annaliese.Hertzfeld@yopmail.com,developer,Burundi,Antananarivo
696,Devina,Cressida,Devina.Cressida@yopmail.com,doctor,Guadeloupe,Zapopan
697,Kaia,Pond,Kaia.Pond@yopmail.com,doctor,"Macedonia, The Former Yugoslav Republic of",Port Hedland
698,Shannah,Zuzana,Shannah.Zuzana@yopmail.com,police officer,Chile,Bujumbura
699,Jean,Munn,Jean.Munn@yopmail.com,worker,Viet Nam,Palikir
700,Tarra,Kosey,Tarra.Kosey@yopmail.com,worker,Christmas Island,Raleigh
701,Asia,Behre,Asia.Behre@yopmail.com,worker,Germany,Brussels
702,Celene,Eiser,Celene.Eiser@yopmail.com,firefighter,Northern Mariana Islands,Magadan
703,Clarice,Tomasina,Clarice.Tomasina@yopmail.com,developer,Egypt,Phnom Penh
704,Bibby,Suk,Bibby.Suk@yopmail.com,doctor,Mauritius,Konya
705,Cherrita,Israeli,Cherrita.Israeli@yopmail.com,firefighter,Dominican Republic,Ambon
706,Kristan,Ferino,Kristan.Ferino@yopmail.com,doctor,Afghanistan,Santa Cruz de la Sierra
707,Feliza,Letsou,Feliza.Letsou@yopmail.com,firefighter,Colombia,Quezon City
708,Misha,Naashom,Misha.Naashom@yopmail.com,doctor,Macao,Milwaukee
709,Tybie,Raama,Tybie.Raama@yopmail.com,developer,Philippines,Kawasaki
710,Jsandye,Glenden,Jsandye.Glenden@yopmail.com,doctor,Switzerland,Tel Aviv
711,Aaren,Lamoree,Aaren.Lamoree@yopmail.com,police officer,"Taiwan, Province of China",Mersin
712,Bee,Tamsky,Bee.Tamsky@yopmail.com,developer,Timor-Leste,Qingdao
713,Hyacinthe,Peonir,Hyacinthe.Peonir@yopmail.com,developer,Philippines,Samara
714,Tonia,Evangelia,Tonia.Evangelia@yopmail.com,developer,Niger,Macau
715,Maryellen,Christine,Maryellen.Christine@yopmail.com,doctor,Turkmenistan,Bahía Blanca
716,Krystle,Niles,Krystle.Niles@yopmail.com,worker,Sweden,Strasbourg
717,Anthia,Gibbeon,Anthia.Gibbeon@yopmail.com,doctor,Croatia,Denpasar
718,Tabbatha,Autrey,Tabbatha.Autrey@yopmail.com,developer,Venezuela,Quezon City
719,Dari,Carvey,Dari.Carvey@yopmail.com,developer,Cameroon,Porto
720,Melodie,Tannie,Melodie.Tannie@yopmail.com,firefighter,Denmark,Bandar Seri Begawan
721,Calla,Rhu,Calla.Rhu@yopmail.com,worker,United States Minor Outlying Islands,Mersin
722,Kimberley,Adamsen,Kimberley.Adamsen@yopmail.com,developer,Mayotte,Charlottetown
723,Penelopa,Frendel,Penelopa.Frendel@yopmail.com,worker,Congo,Gold Coast
724,Danika,Maurine,Danika.Maurine@yopmail.com,worker,Russian Federation,Athens
725,Donetta,Lesley,Donetta.Lesley@yopmail.com,doctor,Indonesia,Banjul
726,Modestia,Haldas,Modestia.Haldas@yopmail.com,police officer,Hong Kong,Fredericton
727,Ronna,Izaak,Ronna.Izaak@yopmail.com,police officer,Eritrea,Niamey
728,Tobe,Belanger,Tobe.Belanger@yopmail.com,developer,French Guiana,Harbin
729,Jenilee,Pelagias,Jenilee.Pelagias@yopmail.com,worker,Mauritius,Palembang
730,Alleen,Eliathas,Alleen.Eliathas@yopmail.com,firefighter,Ecuador,Alexandria
731,Xylina,Chapland,Xylina.Chapland@yopmail.com,police officer,Central African Republic,Hargeisa
732,Dode,Glovsky,Dode.Glovsky@yopmail.com,worker,Seychelles,Bulawayo
733,Stacey,Christine,Stacey.Christine@yopmail.com,police officer,Sweden,Espoo
734,Dorene,Daveta,Dorene.Daveta@yopmail.com,developer,Bermuda,Moscow
735,Shannah,McCutcheon,Shannah.McCutcheon@yopmail.com,worker,Greece,Jinan
736,Rori,Strephon,Rori.Strephon@yopmail.com,firefighter,Qatar,Oslo
737,Molli,Odysseus,Molli.Odysseus@yopmail.com,police officer,Faroe Islands,Sabha
738,Paola,Glenden,Paola.Glenden@yopmail.com,police officer,Paraguay,Anchorage
739,Carree,Wenda,Carree.Wenda@yopmail.com,developer,Burundi,Santa Cruz de Tenerife
740,Devina,Mitzi,Devina.Mitzi@yopmail.com,firefighter,Cook Islands,Saskatoon
741,Mahalia,Aprile,Mahalia.Aprile@yopmail.com,firefighter,Sierra Leone,Jacksonville
742,Pollyanna,Wilona,Pollyanna.Wilona@yopmail.com,worker,Bosnia and Herzegovina,Vilnius
743,Caritta,Nerita,Caritta.Nerita@yopmail.com,worker,Maldives,Hamburg
744,Ivett,Lorain,Ivett.Lorain@yopmail.com,firefighter,Malawi,Livingstone
745,Aryn,Sasnett,Aryn.Sasnett@yopmail.com,doctor,Suriname,Gothenburg
746,Raquela,Abram,Raquela.Abram@yopmail.com,worker,New Caledonia,Hanover
747,Silvana,Riordan,Silvana.Riordan@yopmail.com,developer,Jamaica,Nizhny Novgorod
748,Karly,Krystle,Karly.Krystle@yopmail.com,developer,Isle of Man,Mbabane
749,Tamqrah,Penelopa,Tamqrah.Penelopa@yopmail.com,police officer,Malta,Cockburn Town
750,Moyna,Schroth,Moyna.Schroth@yopmail.com,doctor,Macao,Siem Reap
751,Karly,Hazlett,Karly.Hazlett@yopmail.com,doctor,Macao,Vatican City
752,Trixi,Hailee,Trixi.Hailee@yopmail.com,developer,Japan,Daegu
753,Marita,Adalbert,Marita.Adalbert@yopmail.com,doctor,Brazil,São Tomé
754,Karolina,Hamil,Karolina.Hamil@yopmail.com,doctor,Senegal,Andorra la Vella
755,Aigneis,Cornelia,Aigneis.Cornelia@yopmail.com,firefighter,Christmas Island,Bratsk
756,Amara,Rossner,Amara.Rossner@yopmail.com,developer,Jamaica,São Paulo
757,Shannah,Oscar,Shannah.Oscar@yopmail.com,developer,Argentina,Tripoli
758,Charmaine,Madelene,Charmaine.Madelene@yopmail.com,doctor,Bolivia,Córdoba
759,Chickie,Allare,Chickie.Allare@yopmail.com,firefighter,Nepal,Havana
760,Sharlene,Concha,Sharlene.Concha@yopmail.com,worker,Belize,Port Louis
761,Lusa,Bebe,Lusa.Bebe@yopmail.com,doctor,Oman,Hagåtña
762,Cathyleen,Nikaniki,Cathyleen.Nikaniki@yopmail.com,firefighter,Saint Kitts and Nevis,Minsk
763,Felice,Bertold,Felice.Bertold@yopmail.com,firefighter,Equatorial Guinea,Sydney
764,Max,Rozanna,Max.Rozanna@yopmail.com,developer,Solomon Islands,Durban
765,Annabela,McClimans,Annabela.McClimans@yopmail.com,developer,Georgia,Sacramento
766,Binny,Couture,Binny.Couture@yopmail.com,firefighter,Belarus,Port Moresby
767,Evaleen,Katrine,Evaleen.Katrine@yopmail.com,doctor,"Congo, The Democratic Republic of the",Rosario
768,Deloria,Codding,Deloria.Codding@yopmail.com,worker,Latvia,Damascus
769,Lauryn,Fleeta,Lauryn.Fleeta@yopmail.com,worker,Timor-Leste,Cork (city)
770,Allis,Merell,Allis.Merell@yopmail.com,worker,Bahrain,Chongqing
771,Albertina,Aurelio,Albertina.Aurelio@yopmail.com,firefighter,Canada,Lagos
772,Sue,Remmer,Sue.Remmer@yopmail.com,firefighter,"Palestinian Territory, Occupied",Muscat
773,Louella,Goode,Louella.Goode@yopmail.com,worker,Viet Nam,Quito
774,Farrah,Chobot,Farrah.Chobot@yopmail.com,doctor,Samoa,Accra
775,Feliza,Saree,Feliza.Saree@yopmail.com,doctor,Bulgaria,Chişinău
776,Brena,Vittoria,Brena.Vittoria@yopmail.com,developer,Sao Tome and Principe,Nagoya
777,Candi,Kronfeld,Candi.Kronfeld@yopmail.com,developer,Timor-Leste,Douglas
778,Mariann,Lareena,Mariann.Lareena@yopmail.com,doctor,Kenya,Xining
779,Vere,Jerald,Vere.Jerald@yopmail.com,firefighter,Maldives,Managua
780,Annice,Allys,Annice.Allys@yopmail.com,police officer,Pitcairn,Lyon
781,Ulrike,Allina,Ulrike.Allina@yopmail.com,developer,Yemen,Mandurah
782,Kelly,Maisey,Kelly.Maisey@yopmail.com,developer,Estonia,Asmara
783,Frank,Kosey,Frank.Kosey@yopmail.com,police officer,Montserrat,Dresden
784,Julieta,Peonir,Julieta.Peonir@yopmail.com,firefighter,Russian Federation,Willemstad
785,Caryl,Schonfeld,Caryl.Schonfeld@yopmail.com,worker,Cook Islands,New York City
786,Georgetta,Henebry,Georgetta.Henebry@yopmail.com,worker,Czech Republic,Lucknow
787,Carmencita,Cath,Carmencita.Cath@yopmail.com,worker,"Moldova, Republic of",Campinas
788,Teriann,Stanwood,Teriann.Stanwood@yopmail.com,worker,Haiti,Antwerp
789,Riannon,Uund,Riannon.Uund@yopmail.com,police officer,New Caledonia,Veracruz
790,Gerianna,Nester,Gerianna.Nester@yopmail.com,developer,Syrian Arab Republic,Hanga Roa
791,Siana,Pozzy,Siana.Pozzy@yopmail.com,doctor,"Macedonia, The Former Yugoslav Republic of",Malacca Town
792,Joeann,Faust,Joeann.Faust@yopmail.com,worker,Macao,Seattle
793,Marinna,Sadowski,Marinna.Sadowski@yopmail.com,police officer,Iceland,Khartoum
794,Rori,Toni,Rori.Toni@yopmail.com,doctor,Norway,Sukhumi
795,Wynne,Bertold,Wynne.Bertold@yopmail.com,firefighter,Guinea,Saint-Pierre
796,Marleah,Annice,Marleah.Annice@yopmail.com,police officer,Isle of Man,Saskatoon
797,Robbi,Cath,Robbi.Cath@yopmail.com,worker,Turks and Caicos Islands,Francistown
798,Sibella,Jerald,Sibella.Jerald@yopmail.com,worker,Aruba,Stockholm
799,Sherrie,Rodmann,Sherrie.Rodmann@yopmail.com,firefighter,Switzerland,Da Nang
800,Silvana,Melleta,Silvana.Melleta@yopmail.com,developer,Mali,Tashkent
801,Binny,Love,Binny.Love@yopmail.com,developer,Poland,Chişinău
802,Danika,Lauraine,Danika.Lauraine@yopmail.com,firefighter,Dominica,Andorra la Vella
803,Angela,Kunin,Angela.Kunin@yopmail.com,worker,Kazakhstan,Munich
804,Tersina,Cadmar,Tersina.Cadmar@yopmail.com,firefighter,Antarctica,Anchorage
805,Benita,Imelida,Benita.Imelida@yopmail.com,developer,Martinique,Minneapolis
806,Augustine,Colleen,Augustine.Colleen@yopmail.com,doctor,Trinidad and Tobago,Xining
807,Yolane,Deny,Yolane.Deny@yopmail.com,police officer,South Georgia and the South Sandwich Islands,Rockhampton
808,Sheree,Sparhawk,Sheree.Sparhawk@yopmail.com,worker,Syrian Arab Republic,Thiès
809,Rosanne,Elsinore,Rosanne.Elsinore@yopmail.com,firefighter,Somalia,Kuala Lumpur
810,Jaclyn,Beniamino,Jaclyn.Beniamino@yopmail.com,worker,Philippines,Harbin
811,Ira,Carmena,Ira.Carmena@yopmail.com,developer,Thailand,Palma
812,Ricky,Henebry,Ricky.Henebry@yopmail.com,firefighter,United Kingdom,La Paz
813,Brooks,Sundin,Brooks.Sundin@yopmail.com,developer,Sao Tome and Principe,Bahía Blanca
814,Ricky,Yate,Ricky.Yate@yopmail.com,doctor,Slovakia,Road Town
815,Janey,Stefa,Janey.Stefa@yopmail.com,worker,Myanmar,Bucharest
816,Tierney,Woodberry,Tierney.Woodberry@yopmail.com,doctor,Peru,Wichita
817,Daune,Han,Daune.Han@yopmail.com,doctor,Jordan,Chiang Mai
818,Tersina,Lumbard,Tersina.Lumbard@yopmail.com,police officer,Marshall Islands,Canberra
819,Tani,Wyn,Tani.Wyn@yopmail.com,developer,Colombia,Chongqing
820,Anallese,Argus,Anallese.Argus@yopmail.com,worker,Oman,Cork (city)
821,Ronna,Mehalek,Ronna.Mehalek@yopmail.com,worker,Denmark,Basse-Terre
822,Corene,Old,Corene.Old@yopmail.com,developer,French Guiana,Forked River
823,Maridel,Fax,Maridel.Fax@yopmail.com,worker,Argentina,Stepanakert
824,Ebonee,Carolin,Ebonee.Carolin@yopmail.com,developer,"Korea, Democratic People""S Republic of",Maputo
825,Modestia,Milson,Modestia.Milson@yopmail.com,doctor,Cyprus,Baghdad
826,Jobi,Hailee,Jobi.Hailee@yopmail.com,firefighter,Togo,Istanbul
827,Collen,Devlen,Collen.Devlen@yopmail.com,firefighter,Cuba,La Paz
828,Gratia,Magnolia,Gratia.Magnolia@yopmail.com,police officer,Norway,Fairbanks
829,Janey,Isacco,Janey.Isacco@yopmail.com,worker,Bangladesh,Lviv
830,Kimberley,Eachern,Kimberley.Eachern@yopmail.com,doctor,Djibouti,São Paulo
831,Ingrid,Georgy,Ingrid.Georgy@yopmail.com,worker,Bahamas,Faisalabad
832,Aurore,Dimitris,Aurore.Dimitris@yopmail.com,worker,Niue,Winnipeg
833,Lory,Deny,Lory.Deny@yopmail.com,police officer,"Congo, The Democratic Republic of the",Sofia
834,Sabina,Anyah,Sabina.Anyah@yopmail.com,doctor,Brazil,Jinan
835,Cristabel,McAdams,Cristabel.McAdams@yopmail.com,police officer,Philippines,Petropavlovsk-Kamchatsky
836,Lizzie,Argus,Lizzie.Argus@yopmail.com,doctor,Viet Nam,Manchester
837,Gloria,Orlene,Gloria.Orlene@yopmail.com,worker,Turkey,Mandurah
838,Carilyn,Monaco,Carilyn.Monaco@yopmail.com,police officer,Norway,Vilnius
839,Andree,Markman,Andree.Markman@yopmail.com,developer,Panama,Pune
840,Amalie,Damarra,Amalie.Damarra@yopmail.com,doctor,Spain,San Juan
841,Yetty,Wadell,Yetty.Wadell@yopmail.com,developer,Nepal,City of Halifax
842,Siana,Kevon,Siana.Kevon@yopmail.com,doctor,Lithuania,Jinan
843,Nanete,Devlen,Nanete.Devlen@yopmail.com,worker,Suriname,Winnipeg
844,Almeta,Lenny,Almeta.Lenny@yopmail.com,worker,Algeria,Tbilisi
845,Eve,Amadas,Eve.Amadas@yopmail.com,worker,Uganda,Ibadan
846,Alex,Drisko,Alex.Drisko@yopmail.com,worker,United States Minor Outlying Islands,Vilnius
847,Merle,Bohlin,Merle.Bohlin@yopmail.com,firefighter,Ecuador,Pekanbaru
848,Etta,Sparhawk,Etta.Sparhawk@yopmail.com,developer,Martinique,Oklahoma City
849,Jessamyn,Maxi,Jessamyn.Maxi@yopmail.com,firefighter,Haiti,Dibrugarh
850,Tersina,Sperling,Tersina.Sperling@yopmail.com,firefighter,Estonia,Dresden
851,Maryellen,Harday,Maryellen.Harday@yopmail.com,worker,Svalbard and Jan Mayen,Campo Grande
852,Sheree,Aldric,Sheree.Aldric@yopmail.com,doctor,Bahrain,Paramaribo
853,Flo,Merna,Flo.Merna@yopmail.com,doctor,"Congo, The Democratic Republic of the",Niamey
854,Hallie,Ries,Hallie.Ries@yopmail.com,doctor,Argentina,Bogotá
855,Nadine,Alva,Nadine.Alva@yopmail.com,developer,Ireland,Jaipur
856,Sabina,Edvard,Sabina.Edvard@yopmail.com,developer,Haiti,Charlotte Amalie
857,Karlee,Grobe,Karlee.Grobe@yopmail.com,firefighter,Yemen,Udon Thani
858,Monika,Poppy,Monika.Poppy@yopmail.com,doctor,Guyana,Arbil
859,Lulita,Dominy,Lulita.Dominy@yopmail.com,worker,Peru,Ciudad del Este
860,Courtnay,Denis,Courtnay.Denis@yopmail.com,firefighter,Norfolk Island,Tripoli
861,Nerta,Kathie,Nerta.Kathie@yopmail.com,worker,Nauru,Denver
862,Vivia,Terencio,Vivia.Terencio@yopmail.com,developer,Slovenia,Palembang
863,Kayla,Darrell,Kayla.Darrell@yopmail.com,police officer,French Polynesia,Concepción
864,Valli,Yusuk,Valli.Yusuk@yopmail.com,doctor,Zambia,Ibadan
865,Vevay,Donoghue,Vevay.Donoghue@yopmail.com,developer,United States Minor Outlying Islands,Timbuktu
866,Melina,Secrest,Melina.Secrest@yopmail.com,police officer,Saint Lucia,Bangalore
867,Brynna,Skurnik,Brynna.Skurnik@yopmail.com,developer,Kiribati,Hamburg
868,Shirlee,Sikorski,Shirlee.Sikorski@yopmail.com,worker,Swaziland,Lomé
869,Karena,Peti,Karena.Peti@yopmail.com,worker,Suriname,Warsaw
870,Gwenneth,Bergman,Gwenneth.Bergman@yopmail.com,developer,Romania,Honiara
871,Cindelyn,Couture,Cindelyn.Couture@yopmail.com,doctor,United States,Nouméa
872,Annaliese,Hewitt,Annaliese.Hewitt@yopmail.com,firefighter,Malaysia,Yerevan
873,Clo,Toffic,Clo.Toffic@yopmail.com,worker,Liechtenstein,Suva
874,Veda,Colyer,Veda.Colyer@yopmail.com,firefighter,Djibouti,Daegu
875,Nanete,Ietta,Nanete.Ietta@yopmail.com,developer,Kenya,Porto-Novo
876,Sibella,Dannye,Sibella.Dannye@yopmail.com,worker,British Indian Ocean Territory,Chengdu
877,Sadie,Olin,Sadie.Olin@yopmail.com,doctor,Turkmenistan,Taiyuan
878,Edith,Peonir,Edith.Peonir@yopmail.com,doctor,Germany,Dodoma
879,Carlie,Peonir,Carlie.Peonir@yopmail.com,police officer,Macao,Dili
880,Janis,Wesle,Janis.Wesle@yopmail.com,police officer,Central African Republic,Las Palmas de Gran Canaria
881,Mellicent,Westphal,Mellicent.Westphal@yopmail.com,developer,Jersey,Las Vegas
882,Fawne,Sigfrid,Fawne.Sigfrid@yopmail.com,doctor,Somalia,Cologne
883,Addia,Suzetta,Addia.Suzetta@yopmail.com,doctor,Zimbabwe,Santo Domingo
884,Frances,Meli,Frances.Meli@yopmail.com,police officer,Azerbaijan,Vancouver
885,Nita,Cecile,Nita.Cecile@yopmail.com,developer,Djibouti,Fukuoka
886,Gale,Pattin,Gale.Pattin@yopmail.com,police officer,Netherlands Antilles,Dongguan
887,Evaleen,Kendrick,Evaleen.Kendrick@yopmail.com,firefighter,Guatemala,Dalian
888,Abbie,Rheingold,Abbie.Rheingold@yopmail.com,firefighter,Burkina Faso,Portland
889,Gabi,Halla,Gabi.Halla@yopmail.com,worker,"Taiwan, Province of China",Suva
890,Madalyn,Harriman,Madalyn.Harriman@yopmail.com,doctor,Guatemala,Pretoria
891,Coral,Leler,Coral.Leler@yopmail.com,developer,Turkey,Dammam
892,Dawn,Shanley,Dawn.Shanley@yopmail.com,developer,Macao,Labasa
893,Letizia,Shields,Letizia.Shields@yopmail.com,developer,Myanmar,Marrakech
894,Berta,Connelly,Berta.Connelly@yopmail.com,firefighter,Sudan,Wichita
895,Adore,Camden,Adore.Camden@yopmail.com,firefighter,Vanuatu,Riverside
896,Evita,Eben,Evita.Eben@yopmail.com,firefighter,Algeria,Marseille
897,Viki,Bryna,Viki.Bryna@yopmail.com,worker,Latvia,Santo Domingo
898,Justinn,Jillane,Justinn.Jillane@yopmail.com,police officer,Zambia,Labasa
899,Daryl,Khorma,Daryl.Khorma@yopmail.com,police officer,Uzbekistan,Mecca
900,Almeta,Drisko,Almeta.Drisko@yopmail.com,police officer,Aruba,Providence
901,Hettie,Ilka,Hettie.Ilka@yopmail.com,doctor,Belgium,Manila
902,Melodie,Bach,Melodie.Bach@yopmail.com,developer,Gabon,Mamoudzou
903,Tybie,Ethban,Tybie.Ethban@yopmail.com,developer,Ethiopia,Muscat
904,Violet,Agle,Violet.Agle@yopmail.com,worker,Liberia,Marseille
905,Correy,Ashok,Correy.Ashok@yopmail.com,developer,Anguilla,Palembang
906,Kirstin,Soneson,Kirstin.Soneson@yopmail.com,developer,Wallis and Futuna,Skopje
907,Sandie,Orelee,Sandie.Orelee@yopmail.com,police officer,Japan,Mersin
908,Cyb,Land,Cyb.Land@yopmail.com,firefighter,Luxembourg,Alor Star
909,Michaelina,Euridice,Michaelina.Euridice@yopmail.com,developer,Norfolk Island,Cockburn Town
910,Antonietta,Belanger,Antonietta.Belanger@yopmail.com,firefighter,United States,Buenos Aires
911,Tarra,Fosque,Tarra.Fosque@yopmail.com,doctor,United States,Hyderabad
912,Rozele,Zuzana,Rozele.Zuzana@yopmail.com,worker,Kyrgyzstan,Libreville
913,Minne,Loring,Minne.Loring@yopmail.com,developer,New Caledonia,Harbin
914,Brandise,Pacorro,Brandise.Pacorro@yopmail.com,developer,Armenia,Zapopan
915,Clo,Genna,Clo.Genna@yopmail.com,police officer,Myanmar,Chennai
916,Chere,Alva,Chere.Alva@yopmail.com,firefighter,Dominica,Chiang Mai
917,Babita,Ammann,Babita.Ammann@yopmail.com,developer,Singapore,Lomé
918,Teddie,Pettiford,Teddie.Pettiford@yopmail.com,developer,Åland Islands,Handan
919,Karlee,Taima,Karlee.Taima@yopmail.com,developer,British Indian Ocean Territory,Málaga
920,Fredericka,Lutero,Fredericka.Lutero@yopmail.com,police officer,Canada,Dalian
921,Gertrud,Socha,Gertrud.Socha@yopmail.com,police officer,France,Rosario
922,Carilyn,Anyah,Carilyn.Anyah@yopmail.com,police officer,Turkmenistan,Rochester
923,Adelle,Rillings,Adelle.Rillings@yopmail.com,developer,Guernsey,Miri
924,Caressa,Dyche,Caressa.Dyche@yopmail.com,developer,Malta,Ndola
925,Katharina,Trinetta,Katharina.Trinetta@yopmail.com,firefighter,Spain,Kinshasa
926,Nonnah,Junie,Nonnah.Junie@yopmail.com,developer,Morocco,Vancouver
927,Carmencita,Diogenes,Carmencita.Diogenes@yopmail.com,developer,Azerbaijan,Nicosia
928,Caritta,Ariella,Caritta.Ariella@yopmail.com,worker,Mali,Reykjavík
929,Tonia,Thornburg,Tonia.Thornburg@yopmail.com,developer,Guadeloupe,Memphis
930,Marnia,Nelsen,Marnia.Nelsen@yopmail.com,doctor,Russian Federation,Sabha
931,Penelopa,Raimondo,Penelopa.Raimondo@yopmail.com,firefighter,Botswana,Nicosia
932,Ruthe,Sikorski,Ruthe.Sikorski@yopmail.com,doctor,Ecuador,Yangon
933,Wanda,Rebecka,Wanda.Rebecka@yopmail.com,developer,Kiribati,Baltimore
934,Madalyn,Modie,Madalyn.Modie@yopmail.com,doctor,United States Minor Outlying Islands,Zürich
935,Eadie,Scammon,Eadie.Scammon@yopmail.com,doctor,Ukraine,Rio de Janeiro
936,Albertina,Tatianas,Albertina.Tatianas@yopmail.com,police officer,British Indian Ocean Territory,Miri
937,Vanessa,Stuart,Vanessa.Stuart@yopmail.com,police officer,Turks and Caicos Islands,Xi'an
938,Kayla,Lenny,Kayla.Lenny@yopmail.com,developer,Samoa,Graz
939,Fawne,Hillel,Fawne.Hillel@yopmail.com,developer,"Macedonia, The Former Yugoslav Republic of",Rabi Island
940,Gale,Erlandson,Gale.Erlandson@yopmail.com,police officer,Algeria,Guwahati
941,Elbertina,Rebecka,Elbertina.Rebecka@yopmail.com,firefighter,Saint Lucia,Darwin
942,Corry,Edee,Corry.Edee@yopmail.com,firefighter,Heard Island and Mcdonald Islands,Kuching
943,Karlee,Solitta,Karlee.Solitta@yopmail.com,developer,"Korea, Democratic People""S Republic of",Banda Aceh
944,Dorthy,Colbert,Dorthy.Colbert@yopmail.com,police officer,Ukraine,Surabaya
945,Jasmina,Martsen,Jasmina.Martsen@yopmail.com,worker,El Salvador,Iloilo City
946,Marleah,Sinegold,Marleah.Sinegold@yopmail.com,firefighter,Georgia,Dammam
947,Estell,Ax,Estell.Ax@yopmail.com,worker,Latvia,Malé
948,Bee,Marlie,Bee.Marlie@yopmail.com,developer,Maldives,Labasa
949,Meg,Wilkinson,Meg.Wilkinson@yopmail.com,worker,Seychelles,Kinshasa
950,Arabel,Sinegold,Arabel.Sinegold@yopmail.com,doctor,"Iran, Islamic Republic Of",Makati City
951,Gerianna,Leonard,Gerianna.Leonard@yopmail.com,police officer,Central African Republic,Rabi Island
952,Laurene,Jethro,Laurene.Jethro@yopmail.com,developer,Australia,Manaus
953,Lizzie,Publia,Lizzie.Publia@yopmail.com,worker,Martinique,Iloilo City
954,Sashenka,Brittani,Sashenka.Brittani@yopmail.com,police officer,Svalbard and Jan Mayen,Roseau
955,Sandie,Hartnett,Sandie.Hartnett@yopmail.com,developer,Chile,Nanjing
956,Karina,Selway,Karina.Selway@yopmail.com,firefighter,Venezuela,Curitiba
957,Tarra,Malanie,Tarra.Malanie@yopmail.com,firefighter,Swaziland,Maputo
958,Kylynn,Lumbard,Kylynn.Lumbard@yopmail.com,police officer,Sweden,Nagpur
959,Valli,Lemuela,Valli.Lemuela@yopmail.com,developer,Spain,Jamestown
960,Stevana,Rheingold,Stevana.Rheingold@yopmail.com,developer,Swaziland,Bogotá
961,Mildrid,Graig,Mildrid.Graig@yopmail.com,worker,Bulgaria,Jacksonville
962,Karina,Baylor,Karina.Baylor@yopmail.com,developer,Finland,Agartala
963,Carol-Jean,Remmer,Carol-Jean.Remmer@yopmail.com,developer,Yemen,Edinburgh
964,Dari,Naashom,Dari.Naashom@yopmail.com,developer,Papua New Guinea,Qingdao
965,Lonnie,Olin,Lonnie.Olin@yopmail.com,developer,Myanmar,Tbilisi
966,Layla,Grimbly,Layla.Grimbly@yopmail.com,firefighter,Haiti,Greenwich
967,Blake,Parette,Blake.Parette@yopmail.com,police officer,Niue,Belize City
968,Aryn,Stevy,Aryn.Stevy@yopmail.com,firefighter,Faroe Islands,Yokohama
969,Devina,Dielu,Devina.Dielu@yopmail.com,developer,Madagascar,Stepanakert
970,Lynea,Janene,Lynea.Janene@yopmail.com,worker,Qatar,El Paso
971,Modestia,Monk,Modestia.Monk@yopmail.com,police officer,Myanmar,Porto-Novo
972,Sherrie,McCutcheon,Sherrie.McCutcheon@yopmail.com,doctor,Saudi Arabia,Khartoum
973,Sophia,Elbertina,Sophia.Elbertina@yopmail.com,developer,Russian Federation,Luxor
974,Lonnie,Krystle,Lonnie.Krystle@yopmail.com,firefighter,United Kingdom,Riyadh
975,Rayna,Sidonius,Rayna.Sidonius@yopmail.com,police officer,Palau,Ciudad del Este
976,Shannah,Erlandson,Shannah.Erlandson@yopmail.com,police officer,Argentina,Rio Branco
977,Lenna,Rona,Lenna.Rona@yopmail.com,doctor,Jamaica,Vientiane
978,Courtnay,Parsaye,Courtnay.Parsaye@yopmail.com,police officer,Azerbaijan,Minsk
979,Paulita,Harned,Paulita.Harned@yopmail.com,developer,New Zealand,Raleigh
980,Juliane,Verger,Juliane.Verger@yopmail.com,firefighter,"Macedonia, The Former Yugoslav Republic of",Córdoba
981,Anestassia,Fadiman,Anestassia.Fadiman@yopmail.com,doctor,Turks and Caicos Islands,Edinburgh
982,Ivett,Whiffen,Ivett.Whiffen@yopmail.com,firefighter,Uruguay,Budapest
983,Asia,Hilbert,Asia.Hilbert@yopmail.com,doctor,Colombia,Istanbul
984,Florencia,Lumbard,Florencia.Lumbard@yopmail.com,police officer,Liberia,Charlotte
985,Therine,Zrike,Therine.Zrike@yopmail.com,doctor,American Samoa,Port Vila
986,Cindelyn,Roxanna,Cindelyn.Roxanna@yopmail.com,worker,Armenia,Praia
987,Kelly,Jarib,Kelly.Jarib@yopmail.com,worker,Fiji,Louisville
988,Deloria,Merna,Deloria.Merna@yopmail.com,worker,Kazakhstan,Koror
989,Sybille,Charmine,Sybille.Charmine@yopmail.com,firefighter,Vanuatu,Miami
990,Ardys,Jena,Ardys.Jena@yopmail.com,firefighter,Oman,Amman
991,Carolina,Kare,Carolina.Kare@yopmail.com,developer,Solomon Islands,Graz
992,Catharine,Imelida,Catharine.Imelida@yopmail.com,firefighter,Cuba,Las Vegas
993,Joelly,Tillford,Joelly.Tillford@yopmail.com,doctor,San Marino,Odessa
994,Daune,Tryck,Daune.Tryck@yopmail.com,firefighter,Uganda,Sucre
995,Petronia,Keily,Petronia.Keily@yopmail.com,doctor,Luxembourg,Buenos Aires
996,Ezmeralda,Connelly,Ezmeralda.Connelly@yopmail.com,firefighter,Northern Mariana Islands,Odessa
997,Annabela,Lanita,Annabela.Lanita@yopmail.com,doctor,Slovakia,Valletta
998,Glynnis,Cherianne,Glynnis.Cherianne@yopmail.com,firefighter,Czech Republic,Kaohsiung
999,Ardys,Jacobah,Ardys.Jacobah@yopmail.com,developer,Hungary,Toronto
1000,Sue,Bigner,Sue.Bigner@yopmail.com,firefighter,Macao,New Orleans